lemma,simplex
die,1
und,1
eine,0
in,1
mit,1
nicht,1
von,1
für,1
auch,1
auf,1
sich,1
zu,1
dass,1
bei,1
so,1
oder,1
als,1
an,1
noch,1
nur,1
nach,1
wenn,1
aus,1
dann,1
über,1
wie,1
schon,1
aber,1
werden,1
Jahr,1
durch,1
um,1
vor,1
mehr,1
ich,1
da,1
ja,1
gut,1
sehr,1
neu,1
sein,1
jetzt,1
groß,1
unter,1
also,1
was,1
doch,1
ganz,1
Zeit,1
nun,1
bis,1
Mensch,1
gegen,1
Tag,1
weil,1
selbst,1
heute,1
klein,1
wer,1
ohne,1
Kind,1
weit,1
denn,1
ob,1
sondern,1
seit,1
wo,1
Seite,1
etwas,1
letzt,1
sowie,1
deutsch,1
zwischen,1
eigen,1
dort,1
wohl,1
vielleicht,1
Frau,1
machen,1
Problem,1
Bild,1
Thema,1
alt,1
haben,1
ein,1
Leben,1
Uhr,1
wir,1
hoch,1
allerdings,1
welche,1
jedoch,1
nah,1
können,1
Teil,1
gar,1
zwar,1
Euro,1
Woche,1
Land,1
Spiel,1
Ende,1
Welt,1
ab,1
fast,1
Fall,1
Stadt,1
Haus,1
warum,1
sogar,1
lassen,1
Mann,1
etwa,1
nie,1
schön,1
oft,1
Art,1
Arbeit,1
Buch,1
zweit,0
neben,1
Leute,1
sagen,1
spät,1
gleich,1
Monat,1
eben,1
wegen,1
Platz,1
sehen,1
lang,1
Grund,1
Name,1
recht,1
Gott,1
jung,1
klar,1
direkt,1
Hand,1
Wort,1
Film,1
Sache,1
rund,1
tun,1
lange,1
Ziel,1
zurück,1
Person,1
Minute,1
kurz,1
damit,1
außerdem,0
Punkt,1
du,1
kaum,1
Preis,1
sonst,1
Familie,1
leicht,1
Kunde,1
Projekt,1
ebenfalls,0
Form,1
kommen,1
Doktor,1
Prozent,0
Schule,1
Artikel,1
Internet,1
stark,1
Stück,1
während,1
Auge,1
Idee,1
Hilfe,1
Ort,1
Ding,1
Programm,1
Dank,1
Gruppe,1
finden,1
Freund,1
Sinn,1
Hund,1
Inhalt,0
per,1
Rahmen,1
sofort,0
System,1
Produkt,1
pro,1
somit,0
Spaß,1
nachdem,0
lieb,1
oben,1
Auto,1
Straße,1
echt,1
Text,1
Foto,1
halt,1
obwohl,0
hinter,1
Band,1
damals,0
insgesamt,0
allein,1
Team,1
Interesse,1
Eltern,1
Folge,1
Blick,1
je,1
irgendwie,0
statt,1
ebenso,0
aufgrund,0
Kirche,1
schlecht,1
Recht,1
innerhalb,0
Wert,1
meist,1
nehmen,1
km,0
insbesondere,0
trotz,1
Weise,1
Rolle,1
Kopf,1
Chance,1
Firma,1
Gast,1
nein,1
sowohl,0
Tip,1
Stelle,1
zahlreich,0
Link,1
Markt,1
bitte,1
Liebe,1
Kosten,0
Jahrhundert,0
bald,1
Kraft,1
hin,1
gegenüber,0
Staat,1
toll,1
wobei,0
weiterhin,0
Mai,1
Zahl,1
Titel,1
Detail,1
dennoch,1
weiter,1
halten,1
jeweils,0
Autor,1
Schritt,1
übrigens,0
Farbe,1
dritt,0
Werk,1
Hotel,1
bevor,1
langsam,0
Höhe,1
Karte,1
bringen,1
zusammen,1
Klasse,1
Kontakt,1
müssen,1
modern,1
wissen,1
wann,1
Glück,1
cm,0
derzeit,0
Satz,1
Arzt,1
inzwischen,0
Wunsch,1
bleiben,1
Juni,1
Menge,1
Sprache,1
März,1
Wahl,1
morgen,1
Tod,1
Modell,1
falls,1
allgemein,0
GmbH,0
Professor,0
April,1
Jugendliche,0
Patient,1
Energie,0
Licht,1
außer,1
Video,1
laut,1
Tor,1
Boden,1
privat,1
früh,1
online,1
Regel,1
Sohn,1
Krieg,1
stellen,1
Juli,1
Reihe,1
spielen,1
helfen,1
Fan,1
Bank,1
Info,1
Grenze,1
jedenfalls,0
Suche,1
weder,1
stehen,1
interessant,1
Sonntag,0
knapp,1
indem,1
lesen,1
Samstag,0
kaufen,1
Maßnahme,0
falsch,1
Wissen,1
okay,1
selten,1
Kunst,1
Kampf,1
links,1
Pferd,1
rot,1
komplett,1
Größe,1
August,1
Fahrzeug,1
Fuß,1
offen,1
entweder,0
schreiben,1
Bitte,1
sogenannt,1
nutzen,1
führen,1
Nähe,0
soweit,0
Sicht,1
Kreis,1
schwarz,1
Saison,1
Volk,1
dank,1
Blog,1
irgendwann,0
rechts,1
Konzept,1
Luft,1
Methode,1
Gruß,1
mm,1
Service,1
alleine,1
Freude,1
Dienst,1
Stunde,1
Zitat,1
Praxis,1
fest,1
Sport,1
Stand,1
Linie,1
Netzwerk,0
Essen,1
Website,0
Prozess,1
Druck,1
fahren,1
weiß,1
Freitag,0
Start,1
Schluss,1
Grad,1
leben,1
Lauf,1
Feld,1
Song,1
Wald,1
weg,1
Kollege,1
halb,1
Quelle,1
Telefon,0
Schaden,1
Sonne,1
her,1
Netz,1
Sieg,1
dar,1
Insel,1
arbeiten,1
Rest,1
Macht,1
Risiko,1
Runde,1
Garten,1
Hälfte,1
hören,1
Reise,1
immerhin,0
weltweit,0
AG,0
stets,1
Plan,1
Liste,1
schlimm,1
Schutz,1
lernen,1
grün,1
Strecke,1
Türe,1
Zweck,1
Deutsche,0
rein,1
wieso,1
Lied,1
breit,1
Typ,1
Lust,1
Ruhe,1
Kurs,1
zeigen,1
irgendwo,0
Hab,1
Motor,1
Institut,1
Test,1
Post,1
Glaube,1
tief,1
heraus,0
suchen,1
Bau,1
Stimme,1
Sekunde,1
ändern,1
solange,0
Basis,1
Design,1
Co,0
Katze,1
inklusive,0
Thread,1
PC,0
Himmel,1
schaffen,1
Ball,1
Szene,1
Kamera,1
bislang,0
extrem,1
divers,1
wollen,1
Alternative,0
Tatsache,0
Montag,0
nett,1
kennen,1
Haut,1
Kategorie,0
Studie,0
Schiff,1
Prinzip,1
Marke,1
Konzert,1
Ebene,1
Dame,1
Fahrt,1
konkret,1
wahr,1
Maß,1
setzen,1
Software,0
Tisch,1
sowieso,0
Aspekt,1
wiederum,0
Seele,1
Junge,1
DVD,1
Tat,1
Training,0
liegen,1
ziehen,1
innen,1
CD,0
See,1
Dorf,1
Roman,1
schade,1
vorbei,0
selbe,1
Handy,1
sobald,0
Job,1
Morgen,1
Ecke,1
kg,0
Stern,1
längst,0
Adresse,1
laufen,1
Standort,0
Interview,0
Strom,1
leisten,1
Kontrolle,1
Präsident,1
niemals,0
Objekt,1
Wand,1
Amt,1
momentan,1
Schmerz,1
Rat,0
Bühne,1
Waffe,1
eng,1
denken,1
Gute,1
warten,1
empfehlen,1
Küche,1
Alltag,0
Brief,1
Schwerpunkt,0
Ware,1
Kapitel,1
Hochschule,0
Donnerstag,0
vielmehr,0
raus,1
Maschine,1
Bund,1
draußen,1
Wettbewerb,0
Jugend,1
Holz,1
Ganze,1
sprechen,1
Fläche,1
fragen,1
Kauf,1
sofern,1
Falle,1
Experte,1
mittels,0
außerhalb,0
Mail,1
danke,1
hart,1
Ohr,1
Wind,1
Theorie,0
Rede,1
Variante,1
Online,0
anhand,0
Update,0
Rand,1
Milliarde,1
Student,1
Neue,1
jederzeit,0
gemäß,1
Club,1
dick,1
Fisch,1
perfekt,1
willkommen,1
Arbeitsplatz,0
Pause,1
nochmals,0
tragen,1
Effekt,1
Demokratie,0
freuen,1
Bus,1
Gang,1
Schloss,1
Wille,1
Rücken,1
Halle,1
Initiative,0
Motto,1
froh,1
Blut,1
Krankenhaus,0
angesichts,0
Download,0
treffen,1
Therapie,0
Schuld,1
äußerst,0
Stoff,1
fein,1
Dienstag,0
bieten,1
nahezu,0
Phase,1
bisschen,1
Handel,1
Wagen,1
Radio,1
Ton,1
mobil,1
Stil,1
Treffen,1
EU,0
König,1
Perspektive,0
blau,1
Grüne,1
Strand,1
Soldat,1
Öl,1
Pflege,1
bloß,1
Jahrzehnt,0
heiß,1
teil,1
Gold,1
Bahn,1
Masse,1
vollkommen,0
los,1
Flughafen,0
Faktor,1
Büro,1
Fußball,0
Teilnahme,0
kalt,1
Rad,1
Zeitschrift,0
Länge,1
Blatt,1
reden,1
Park,1
Code,1
Partie,1
außen,1
Vogel,1
Haushalt,0
Jungs,0
ihr,1
Schrift,1
Wesen,1
fremd,1
Boot,1
Technologie,0
Atmosphäre,1
Kaffee,1
Industrie,0
Trend,1
Frieden,1
Heimat,1
glauben,1
holen,1
Konflikt,1
Standard,1
Niveau,1
nennen,1
Jude,1
Laden,1
laß,1
Schuh,1
Schreiben,1
Krise,1
Dritte,0
quasi,1
Baby,1
Glas,1
extern,1
warm,1
Brücke,1
Norden,1
Platte,1
zeit,1
wunderschön,0
informieren,1
Dach,1
sodass,0
passieren,1
Kino,1
Fernsehen,0
Pflicht,1
bezüglich,0
desto,1
Osten,1
Nase,1
Mund,1
Liga,1
Sitz,1
Fazit,1
Wechsel,1
Fleisch,1
cool,1
entgegen,0
Show,1
arm,1
Gut,1
Stufe,1
Mangel,1
Flug,1
Widerstand,0
Strategie,0
Hof,1
Vielfalt,0
ohnehin,0
Spitze,1
Story,1
Konsequenz,0
oftmals,0
essen,1
Kabel,1
Feuerwehr,0
Weihnachten,0
Rennen,1
zahlen,1
Handeln,1
dürfen,1
Fest,1
Bahnhof,0
Kompetenz,0
Zweifel,1
woher,0
schauen,1
Ring,1
Vielzahl,0
Chef,1
hinsichtlich,0
Dialog,0
böse,1
Motiv,0
Hallo,1
live,1
Tabelle,1
Branche,1
DM,0
wenden,1
Party,1
Denken,1
Ei,1
Archiv,0
wieviele,0
achten,1
bauen,1
Süden,1
Profil,1
Mut,1
Presse,1
bunt,1
Scheibe,1
App,1
zumal,0
Zahn,1
Mark,1
Zeile,1
starten,1
wählen,1
herum,0
Fluss,1
Format,0
Tasche,1
siehe,1
tot,1
Rock,1
lösen,1
weshalb,0
mehrfach,0
Marketing,0
Loch,1
Datenbank,0
Oberfläche,0
komplex,1
Grundstück,0
Plattform,1
Web,1
Regen,1
Planet,1
Workshop,0
legen,1
Event,1
Bibliothek,0
Lernen,1
stolz,1
feststellen,0
Reich,1
Frühjahr,0
Kleine,1
morgens,0
Zelle,1
Englisch,1
Lebensmittel,0
Not,1
klasse,1
Stress,1
Konto,1
Christus,1
schwach,1
rechnen,1
Modul,1
Mühe,1
schützen,1
Spiegel,1
testen,1
hervor,1
Rechtsanwalt,0
voraus,0
hilfreich,0
Höhepunkt,0
Lehre,1
Rezept,1
Schnee,1
Karriere,1
Kreuz,1
Truppe,1
sorgen,1
Frühstück,0
Respekt,1
Schatten,1
Sound,1
Sex,1
Held,1
Konkurrenz,0
Flugzeug,0
sparen,1
dabei,0
hinzu,0
Paket,1
dran,1
Linke,1
Kommune,1
Symbol,1
extra,1
Level,1
fern,1
Re,0
intern,1
Drittel,0
Maus,1
hinaus,0
Rang,1
CO,0
Philosophie,0
Last,1
stattdessen,0
Kindergarten,0
Arm,1
Feind,1
Fortschritt,0
demnächst,0
via,1
einschließlich,0
leid,1
Werkzeug,0
Debatte,1
Alkohol,1
Hafen,1
Staffel,1
Fahrrad,0
Griff,1
Bundestag,0
Studio,1
Heft,1
Messe,1
nahe,1
krank,1
golden,1
folgen,1
Glückwunsch,0
Welle,1
Note,1
Armee,1
insofern,0
Ja,1
Spruch,1
Burg,1
Highlight,0
Hauptstadt,0
dicht,1
heutzutage,0
dumm,1
Augenblick,0
Schlag,1
teils,1
korrekt,1
Parkplatz,0
fallen,1
Festplatte,0
Gas,1
Ehe,1
interessieren,1
anlässlich,0
Flasche,1
kaputt,1
Komponente,1
Ruf,1
Nutzen,1
Schuss,1
Widerspruch,0
Finale,1
bereit,1
nebenbei,0
Zeuge,1
Halbzeit,0
wohin,0
Brot,1
Symptom,1
Kredit,1
Stärke,1
Bibel,1
schließen,1
Tool,1
Ressource,1
Kandidat,0
Akku,1
Frucht,1
Phänomen,1
Bauch,1
fort,1
Tiefe,1
retten,1
Krankenkasse,0
fördern,1
Freizeit,0
entlang,0
Grundsatz,0
Klima,1
wechseln,1
Streit,1
Hose,1
Sand,1
öffnen,1
Schlüssel,1
Richtlinie,0
Großteil,0
funktionieren,1
Kampagne,1
sozusagen,0
Wurzel,1
Box,1
Milch,1
Existenz,0
Display,1
Klick,1
blöd,1
wild,1
Hochzeit,0
Weile,1
Sorge,1
Community,0
Mode,1
enorm,1
Schnitt,1
schlicht,1
Trick,1
wozu,0
Rathaus,0
kompetent,0
Tonne,1
Papst,1
prüfen,1
Zeug,1
handeln,1
teilnehmen,0
Eis,1
schicken,1
Hals,1
Bord,1
Salz,1
Innere,1
Wärme,1
Tarif,1
worauf,0
kämpfen,1
Mädel,1
Protest,1
stattfinden,0
Gottesdienst,0
Bildschirm,0
Hobby,1
Kasse,1
Klang,1
Profi,1
Kern,1
Kontext,1
Garantie,1
heißen,1
Button,1
Turm,1
Schwäche,0
rum,1
womit,1
Passwort,0
Rasse,1
Brust,1
Blume,1
keineswegs,0
Fach,1
Wandel,1
Talent,1
Schicht,1
Tanz,1
Wiese,1
Cent,1
Katalog,1
seitens,0
fit,1
Strafe,1
nunmehr,0
Transport,1
fünft,0
plus,1
sichern,1
Daumen,1
fühlen,1
Business,0
Autobahn,0
Schild,1
Konzern,1
Architekt,1
reich,1
leise,1
diskutieren,1
Willkommen,0
Probe,1
Toleranz,0
trocken,1
relevant,0
Tee,1
dienen,1
Menü,1
Reifen,1
Maßstab,0
All,1
sollen,1
doppelt,0
mehrmals,0
Block,1
Bischof,1
Tempo,1
konsequent,0
Diagnose,1
Golf,1
Jahrgang,0
Große,1
Viertel,0
Mond,1
melden,1
Es,1
Teufel,1
Lohn,1
Set,1
Witz,1
Lob,1
Single,1
Summe,1
löschen,1
Immobilie,0
namens,0
Tür,1
derart,0
Rente,1
Virus,1
Tote,1
Aktie,1
rasch,1
Innenstadt,0
Zins,1
Zielgruppe,0
Mama,1
sammeln,1
darstellen,0
Reform,1
jemals,0
Stadtteil,0
Stuhl,1
kosten,1
Gutachten,0
Substanz,1
Senior,0
wirken,1
Ticket,1
sitzen,1
wodurch,0
Buchstabe,0
SMS,0
stabil,1
These,1
Konferenz,0
installieren,1
Quote,1
hoffen,1
Status,1
Formel,1
Logo,1
ISBN,0
Kuh,1
Suchmaschine,0
Hardware,0
süß,1
Metall,1
Grundschule,0
passen,1
kümmern,1
Islam,1
hinein,0
Chor,1
weich,1
weh,1
Smartphone,0
scharf,1
Engel,1
Blüte,1
Sorte,1
Neubau,0
Werkstatt,0
Kopie,0
Kiste,1
Organ,1
präsentieren,1
woran,0
schlafen,1
Pass,1
Gitarre,1
Empfang,0
trinken,1
Stellungnahme,0
feiern,1
einander,0
dauern,1
Schatz,1
Rückkehr,0
Stichwort,0
Resultat,0
Senat,1
Board,1
exakt,1
Mord,1
Motorrad,0
Leid,1
zufolge,0
Investor,0
Studiengang,0
Tausend,1
Küste,1
Norm,1
prima,1
drin,1
sterben,1
gratis,1
Humor,1
Akademie,0
Pkw,0
spontan,1
Interessent,0
Schlaf,1
Fokus,1
Leib,1
Handwerk,0
grau,1
Moderator,0
Impuls,1
Wolke,1
wofür,0
Droge,1
Böse,1
dünn,1
Kleid,1
Zoll,1
Lampe,1
Katastrophe,1
fliegen,1
still,1
runter,0
Kette,1
Route,1
Front,1
Feature,1
beziehungsweise,0
auseinander,0
Windows,1
Jesu,1
Flucht,1
schlagen,1
Laune,1
Chemie,0
Ehre,1
stärken,1
ehe,1
Breite,1
Hut,1
Kurve,1
West,1
qm,0
Tendenz,0
Bundeswehr,0
Nazi,1
bundesweit,0
Lippe,1
hübsch,1
Landtag,0
Interessierte,0
Premiere,1
reagieren,1
Favorit,1
Kohle,1
Support,1
glatt,1
Bundesliga,0
werfen,1
Fett,1
Duft,1
fair,1
Demo,1
Lizenz,1
Grab,1
Treppe,1
öfters,1
streng,1
Kerl,1
grob,1
zwischendurch,0
Balkon,1
Muss,1
samt,1
anstatt,0
Kanton,1
Schwert,1
Provinz,1
Notebook,0
Kumpel,1
Sturm,1
Kugel,1
dorthin,0
Distanz,0
Monitor,0
Fotografie,0
spüren,1
Tempel,1
Air,1
Nord,1
Bit,1
Live,1
Lücke,1
Flügel,1
Recherche,1
Welpe,1
Hütte,1
Allgemeine,0
zweitens,0
Bogen,1
Rohstoff,0
wünschen,1
Menschenrecht,0
fehlen,1
teilen,1
müde,1
Obst,1
Chaos,1
Armut,1
Wettkampf,0
Fax,1
Milliarden,0
Ministerpräsident,0
Frühling,1
Datenschutz,0
Zelt,1
Apfel,1
Hitze,1
Finanz,1
Terrasse,1
Performance,0
wirksam,0
DSL,0
Pilot,1
Muskel,1
Ferien,1
Handbuch,0
doof,1
Fotograf,0
drehen,1
Modus,1
liefern,1
Flüchtling,0
Feedback,0
klären,1
Möbel,1
Altstadt,0
Protokoll,1
Apotheke,1
Sponsor,0
Bilanz,1
zurecht,0
lachen,1
Müll,1
Tafel,1
schuld,1
Decke,1
Sünde,1
Direktor,0
hängen,1
Diplom,1
Broschüre,1
Spaziergang,0
Wohl,1
keinesfalls,0
Stock,1
Villa,1
Laptop,0
Alte,1
Pflanze,1
Topf,1
gleichermaßen,0
Rätsel,1
Kongress,1
Können,1
seltsam,0
Pfad,1
Account,1
intelligent,0
Regie,0
Hauptsache,0
Stamm,1
reduzieren,1
Leiden,1
Gleiche,1
Episode,1
Zone,1
akzeptieren,1
vielfach,0
fassen,1
leiden,1
Hölle,1
Jury,1
Kid,1
posten,1
Friedhof,0
Label,1
Papa,1
Schaf,1
unterhalb,0
Löwe,1
Stall,1
OP,0
Chip,1
Wohnen,1
Miete,1
bilden,1
Lächeln,1
Konsole,1
zugunsten,0
Labor,1
Sachverhalt,0
LED,0
Folie,1
USB,0
wachsen,1
messen,1
Track,1
Produzent,0
brauchen,1
Match,1
Jagd,1
Gramm,1
effizient,0
Höhle,1
weis,1
Fremde,1
Pirat,1
Laufen,1
Weiß,1
Franke,1
Pool,1
braun,1
Letztere,0
wovon,0
Hit,1
Gipfel,1
Budget,1
Winkel,1
Brille,1
Rose,1
Übrige,0
reichen,1
kühl,1
Objektiv,0
weitaus,0
Psychologie,0
Hundert,1
solide,1
Kraut,1
Prognose,1
steigern,1
registrieren,1
flach,1
Oma,1
Bad,1
Feiertag,0
Streifen,1
Kulisse,1
Heim,1
Baustelle,0
Kartoffel,1
Jazz,1
Wunde,1
Kühlschrank,0
Wesentliche,0
Fülle,1
Helm,1
Brett,1
Franzose,1
steigen,1
Café,1
Sack,1
Börse,1
gucken,1
Magen,1
Award,1
merken,1
Reiz,1
Mythos,1
Würde,1
Fonds,1
Port,1
Plakat,0
stecken,1
Bug,1
DJ,0
Watt,1
investieren,1
trennen,1
zuzüglich,0
Kürze,1
Faden,1
töten,1
Kälte,1
realisieren,1
Grundgesetz,0
Schlange,1
heran,1
konzentrieren,1
arg,1
singen,1
schlau,1
Referent,0
Wut,1
Missbrauch,0
Dusche,1
Differenz,1
sanft,1
Hass,1
Haufe,0
Bundesrat,0
Standpunkt,0
Tank,1
Frequenz,0
Dom,1
Prophet,1
Bass,1
Supermarkt,0
Kante,1
Nationalpark,0
Fachleute,0
Smiley,1
CDs,0
elegant,0
halbwegs,0
Gras,1
Strich,1
Brand,1
Reichweite,0
drücken,1
Sehnsucht,0
frei,1
treu,1
oberhalb,0
kontrollieren,1
Mahlzeit,0
pur,1
Staub,1
infolge,0
Kranke,1
Segen,1
Diabetes,1
Kompromiss,1
jenseits,0
schief,1
stimmen,1
Wüste,1
Schrank,1
Ostsee,0
Mod,1
profitieren,1
probieren,1
Posting,0
wonach,1
Sensor,1
insoweit,0
Patch,1
Junior,0
Laie,1
Kunststoff,0
Referat,0
Kontinent,1
Fell,1
Melodie,0
Rhythmus,1
Hase,1
akut,1
inmitten,1
fett,1
Komfort,1
bitten,1
Rückstand,0
organisieren,1
Fakt,1
Huhn,1
Krone,1
greifen,1
Ostern,1
Allergie,0
Maske,1
Teich,1
rege,1
Pro,1
Pech,1
jahrelang,0
anstelle,0
Transparenz,0
Arena,1
größtenteils,0
Halt,1
Käse,1
Index,1
Akt,1
Kunstwerk,0
Deckel,1
separat,1
Tagebuch,0
Leiche,1
Schlacht,1
Säule,1
lieben,1
Horizont,1
Dreck,1
unten,1
Wolf,1
Kilo,1
Salat,1
Rücksicht,0
inwieweit,0
Ensemble,0
wach,1
permanent,0
Posten,1
Theologie,0
Gabe,1
Fachkraft,0
Eisen,1
Lehrkraft,0
Fassade,1
Chat,1
WLAN,0
Hast,1
Naturschutz,0
Spielzeug,0
seiten,1
Schau,1
Stille,1
Phantasie,0
Rückseite,0
Kerze,1
High,1
Straftat,0
Intelligenz,0
Kapitän,1
Gnade,1
hierzulande,0
Onkel,1
Fahne,1
Toilette,1
Diesel,1
Alt,1
Blitz,1
Münze,1
voran,0
Bruch,1
Alp,1
Teppich,1
Kontrast,1
Sparkasse,0
äußern,1
Rohr,1
Konkurrent,1
Drama,1
Akzeptanz,0
Lady,1
speichern,1
richten,1
studieren,1
Sportart,0
planen,1
Mönch,1
Notfall,0
Hügel,1
sechst,0
Comic,1
soeben,0
Magie,0
Jacke,1
kriegen,1
Nagel,1
CPU,0
Sektor,1
festgelegt,0
Gleichgewicht,0
Dutzend,1
Tropfen,1
Ferne,1
Paradies,1
Kamerad,1
Ex,1
Elite,1
Release,0
Richtige,1
Leinwand,0
Diät,1
daheim,0
schätzen,1
Fachhochschule,0
senden,1
Süd,1
Gunst,1
gefangen,0
üben,1
ambulant,0
woanders,0
Instanz,0
Schalk,1
Lack,1
Rabatt,1
Fund,1
Defizit,1
Wurf,1
Tunnel,1
Bucht,1
Pfeil,1
Flamme,1
Zaun,1
Epoche,1
Schokolade,1
Zwang,1
Lektüre,1
Nebel,1
Creme,1
Pilz,1
Zwerg,1
Shop,1
Volumen,1
Bach,1
schick,1
Zigarette,1
weiterhelfen,0
Arsch,1
Landrat,0
Mühle,1
explizit,1
treten,1
Client,1
Justiz,1
Bonus,1
Kai,1
nebst,0
Achse,1
trainieren,1
Onlineshop,0
Filiale,1
Schmuck,1
wiederholen,0
Stolz,1
Jährig,0
feucht,1
Ofen,1
Großstadt,0
mithilfe,0
Pixel,1
Hauptbahnhof,0
Model,1
Zwiebel,1
kompakt,1
Freie,1
Tasse,1
Fürst,1
Resonanz,0
Ambiente,1
Los,1
Reserve,1
produzieren,1
Heilige,1
Finanzamt,0
nirgends,1
Bauwerk,0
Torwart,0
Fitness,0
Charme,1
eigens,0
ehemals,0
WC,0
integrieren,1
Lärm,1
Coach,1
Lok,1
allenfalls,0
buchen,1
Schöne,1
schießen,1
blind,1
drinnen,0
ran,1
Mechanismus,1
Atem,1
Arzneimittel,0
Schlauch,1
schenken,1
seinerzeit,0
Taxi,1
Knopf,1
Kapelle,1
Zoo,1
Sauna,1
aktivieren,1
Käfig,1
Felge,1
laden,1
Allianz,1
Präsenz,0
Layout,0
Russe,1
Hang,1
Schiene,1
allesamt,0
Vampir,1
Sofa,1
Extra,1
satt,1
Lexikon,1
wiederholt,0
Audio,1
Haken,1
gen,1
Prozessor,0
Tante,1
Schreibtisch,0
Philosoph,1
zart,1
Felsen,1
Cookie,1
Marathon,0
Brunnen,1
Dankeschön,0
Tuch,1
indes,0
Kneipe,1
Dämon,1
Terror,1
Plus,1
Wohlbefinden,0
Wohnort,0
Tumor,1
Faust,1
nieder,1
Kommando,1
steil,1
senken,1
Moderne,1
treiben,1
souverän,1
Rundfunk,0
Wirkstoff,0
nirgendwo,0
Lebewesen,0
Ideologie,0
Stirn,1
Psychotherapie,0
Wahnsinn,0
klicken,1
Hürde,1
Nahrungsmittel,0
Harmonie,0
Zweite,1
Cup,1
Bock,1
Pille,1
steuern,1
Wahlkampf,0
krass,1
Review,1
Glanz,1
Akzent,1
Orden,1
Patent,1
Trinken,1
Zettel,1
Schale,1
Same,1
Trikot,1
Türke,1
Kraftwerk,0
Dozent,0
Sattel,1
Camp,1
zählen,1
Rückgang,0
Lehrgang,0
Hz,0
Therapeut,0
finanzieren,1
binnen,1
Güte,1
präsent,0
Schweigen,1
Mehl,1
Saft,1
Stadtwerk,0
Rucksack,0
Luxus,1
Export,1
Luke,1
Duell,1
stören,1
zivil,1
Kostüm,1
Suppe,1
identifizieren,1
Crew,1
Gaststätte,0
letztens,0
prominent,0
meinen,1
konstant,1
Palette,1
mild,1
worum,1
Teig,1
Graf,1
happy,1
Wild,1
Boy,1
Reis,1
Knoten,1
Gleis,1
Wirken,1
Effizienz,0
Ast,1
Variable,1
reisen,1
exzellent,0
regelrecht,0
Flecken,1
Diskurs,1
dermaßen,0
acht,1
Drehbuch,0
Ventil,1
springen,1
Chinese,0
schaden,1
Honig,1
Immunsystem,0
indirekt,1
Yoga,1
Fahren,1
Wohlstand,0
Mini,1
Stahl,1
Grieche,0
Ratte,1
Attacke,1
Blau,1
zeitgleich,0
Pizza,1
Referenz,0
gründen,1
kochen,1
Pfund,1
Duo,1
Tomate,1
Rind,1
füllen,1
Bauen,1
Wurst,1
Sauerstoff,0
Gift,1
Schwimmen,1
personenbezogen,0
Gläubige,0
mangels,0
Metropole,1
fix,1
File,1
Seil,1
Boss,1
Taste,1
Bike,1
Prinz,1
Stange,1
Screenshot,0
faul,1
Etappe,1
definieren,1
desweiteren,0
smart,1
Stift,1
Desktop,0
Karton,1
pflegen,1
Biene,1
willen,1
festhalten,0
Wurm,1
rundum,0
Insekt,1
Riss,1
Regime,1
Jahrtausend,0
Shirt,1
Rückblick,0
Sozialismus,0
Hemd,1
Schock,1
raten,1
nass,1
Orgel,1
Bob,1
Agent,1
Fragebogen,0
hinterher,0
Klamotte,1
brav,1
Gastronomie,0
Spam,1
Organisator,0
präzise,1
Coaching,0
Fantasie,0
Part,1
nackt,1
Punk,1
Sachverständige,0
Fähre,1
mühsam,0
stoppen,1
scheiß,1
Agenda,1
Kuss,1
Pumpe,1
Balance,1
Rakete,1
Kleinkind,0
wundern,1
Psychologe,0
Hirn,1
Schrecken,1
Heil,1
Nest,1
wahrnehmen,0
herunter,0
Wohnhaus,0
Blues,0
Doppel,1
Haltestelle,0
wider,1
klappen,1
Notiz,1
Takt,1
Zwischenzeit,0
Freistoß,0
KG,0
Kabine,1
Style,1
Riese,1
Sturz,1
rechtfertigen,0
Sterben,1
Schlagwort,0
zwecks,0
defekt,1
Mehrwert,0
transparent,0
davon,1
Ami,1
Zweig,1
Attribut,1
Stab,1
Handschuh,0
Mantel,1
Komödie,0
Taufe,1
tauschen,1
Photo,1
circa,1
Predigt,1
kopieren,1
Draht,1
Lunge,1
Atom,1
klug,1
Rücktritt,0
Wäsche,1
Schwarze,1
ähnlich,0
Klient,1
Französisch,0
Straßenverkehr,0
orientieren,1
Flanke,1
Lupe,1
Leine,1
Halbfinale,0
Korn,1
Darlehen,0
kennenlernen,0
Biologie,0
Spielplatz,0
Moor,1
Rasen,1
Eiweiß,0
packen,1
Szenario,1
schlichtweg,0
Speed,1
Niere,1
spitz,1
Tankstelle,0
Brauch,1
Opa,1
Neustadt,0
Aktuelle,0
Guide,1
Langeweile,0
Nationalsozialismus,0
Chart,1
Trost,1
wagen,1
Report,1
weitergehen,0
Pastor,1
Privatperson,0
Ost,1
Blödsinn,0
wohnen,1
Eisenbahn,0
Quatsch,1
Stich,1
Krimi,1
rufen,1
Ozean,1
Bande,1
landen,1
Tun,1
Scheitern,1
Mindestlohn,0
Funk,1
robust,1
regeln,1
dato,1
Campus,1
ha,0
Rendite,1
Hormon,1
Pfanne,1
reif,1
Feuerwerk,0
aufrecht,0
Scheiße,1
Liebling,0
Stick,1
Opus,1
Schwanz,1
schweigen,1
Diebstahl,0
Affe,1
Wehr,1
inne,1
Sklave,1
sogleich,0
Rekord,1
siebt,1
fortan,0
rüber,0
Icon,1
süddeutsch,0
Import,1
silbern,1
Sau,1
Rache,1
Zyklus,1
Flair,1
korrigieren,1
Darm,1
derweil,0
Mars,1
Sahne,1
Pack,1
schieben,1
Bachelor,1
Weib,1
brechen,1
Lord,1
Ruine,1
Socke,1
Waschmaschine,0
Ironie,0
heiraten,1
Wanderweg,0
Fluch,1
trotzdem,0
Schwachsinn,0
Wirt,1
Glocke,1
Airline,0
Ampel,1
gleichwohl,0
Würfel,1
Medaille,1
hinweg,0
Haben,1
Spalte,1
Lehrstuhl,0
Suite,1
Grill,1
Editor,0
engagieren,1
wenngleich,0
fortgeschritten,0
Sucht,1
Treue,1
leiten,1
Realschule,0
Wange,1
Lebenslauf,0
Deck,1
Pop,1
Palast,1
Wandern,1
Pony,1
dargestellt,0
Biographie,0
Kreislauf,0
Dose,1
Mobiltelefon,0
Gasse,1
Idiot,1
Hall,1
Maul,1
Meile,1
Subjekt,1
ihrerseits,0
Weltbild,0
schneiden,1
Neuling,0
Fahrgast,0
Grün,1
Schwimmbad,0
Hebel,1
Mandat,0
not,1
Brite,1
Hausaufgabe,0
Schirm,1
festlegen,0
Schwarzwald,0
Stempel,1
Fremdsprache,0
Klischee,1
Furcht,1
Relevanz,0
danken,1
Assistent,0
klingen,1
Sir,1
Ökonomie,0
Spot,1
Prämie,1
Nadel,1
Applaus,1
Schüssel,1
Insolvenz,0
Korb,1
Hülle,1
Balken,1
kommentieren,1
Hauch,1
fertig,1
wehren,1
Aroma,1
Fresse,1
optimieren,1
enden,1
Security,0
schlank,1
Nuss,1
mini,1
worin,1
neuerdings,0
Rückzug,0
Firewall,0
Rundgang,0
Soziale,0
zustande,0
tanzen,1
Fass,1
Okay,1
Hai,1
Backup,0
Rüde,1
Flagge,1
streiten,1
Skript,1
Frust,1
Lüge,1
Satellit,1
fordern,1
Fuchs,1
Fleck,1
Apostel,1
Hausarzt,0
Halbjahr,0
Piste,1
Asche,1
Suchbegriff,0
Heck,1
Fahrwerk,0
ID,0
Firmware,0
Prototyp,0
Aktive,0
prompt,1
Hauptstraße,0
Dicke,0
Mehrzahl,0
Periode,1
Hören,1
waschen,1
Hahn,1
Fehlen,1
schwimmen,1
Elend,1
Nährstoff,0
Scherz,1
rückwärts,0
ratsam,0
Matt,1
rosa,1
schräg,1
rauh,1
Birne,1
Bann,1
fressen,1
Genau,1
doll,1
Soll,1
Modem,1
Puls,1
Dieb,1
Orange,1
Tugend,1
Fachmann,0
Mietwagen,0
kommunizieren,1
Kita,1
widmen,1
Banane,1
Casino,1
Freistaat,0
Advent,1
City,1
Öffnen,1
Blockade,1
Neid,1
fotografieren,1
Großeltern,0
formulieren,1
Accessoire,1
Stute,1
Fahrbahn,0
Base,1
notfalls,0
Hauptschule,0
Neuzugang,0
Sitte,1
grausam,0
Trio,1
Porto,1
Telefonat,0
Haft,1
kopf,1
Übel,1
Hotline,0
Weblog,0
Wiederaufbau,0
Bronze,1
Solo,1
Hüfte,1
platt,1
Glied,1
leistungsstark,0
Sorgfalt,0
Ranking,0
Profit,1
Fort,1
Schrott,1
Bürgerkrieg,0
Pokémon,1
Porträt,1
markant,1
preis,1
Polo,1
Spritze,1
Enkel,1
Dosis,1
Moschee,1
Facette,1
Clan,1
Nächste,0
Krebs,1
Senf,1
Card,1
Konsens,1
Wappen,1
Stiefel,1
Athlet,1
Residenz,0
Galle,1
etablieren,1
Wichtigste,0
Automat,0
Dreieck,0
fortsetzen,0
Edelstahl,0
Look,1
Lieferzeit,0
Straßenbahn,0
Siegel,1
Halo,1
Hauptrolle,0
Schema,1
Ruhm,1
Initiator,0
Drehzahl,0
Queen,1
Backofen,0
loswerden,0
Außen,1
Braut,1
worden,1
Repertoire,1
parat,1
Schach,1
Meisterwerk,0
Couch,1
blicken,1
Synagoge,1
Puppe,1
Zorn,1
outfit,0
Alpha,1
rauf,1
Sonnabend,0
Graben,1
Schaffen,1
werben,1
weswegen,0
stundenlang,0
Freigabe,0
Administrator,0
Audi,1
Zeitgenosse,0
Propaganda,1
Podcast,0
kurzerhand,0
bisweilen,0
rasant,1
drucken,1
freitags,0
Indiz,1
Sympathie,0
Rumpf,1
Resort,1
Item,1
Horn,1
Stau,1
Cloud,1
Lehrbuch,0
Selbständige,0
Kombi,1
kündigen,1
Keks,1
Weite,0
Leere,0
Heu,1
Jungfrau,0
schalten,1
ignorieren,1
worüber,0
Klo,1
Nacken,1
schlechthin,0
sexy,1
Flotte,1
Ski,1
Wohnsitz,0
Treiben,1
Teilhabe,0
Alien,1
Wiedergabe,0
Renaissance,1
Ähnliche,0
Volt,1
gleichsam,0
Selbstmord,0
Disco,1
Reiten,1
Vulkan,1
Kram,1
Hoch,1
Schmetterling,0
zwingen,1
Matrix,1
lebenslang,0
Mietvertrag,0
inwiefern,0
FAQ,0
Blech,1
Kolonie,1
Scheiß,1
Rückweg,0
Bart,1
Marine,1
ehesten,0
zehnt,0
Taube,1
Säure,0
Skizze,1
Schauspiel,0
reiten,1
binden,1
Haupt,1
spazieren,1
Surfen,1
Theologe,1
Indikator,0
reinigen,1
Sehen,1
Härte,0
Mikrofon,0
Ar,0
Niederschlag,0
Klappe,1
Limit,1
hinauf,0
basteln,1
selbstbewusst,0
Sparte,1
Alarm,1
wecken,1
freund,1
Frosch,1
Portfolio,0
UMTS,0
Halbinsel,0
Bademode,0
Record,1
Präparat,0
First,1
garantieren,1
elementar,1
Handschrift,0
Touch,1
nebenan,0
Rate,1
Tüte,1
Ultra,1
Manga,1
Psyche,1
Neustart,0
schwul,1
zeitgemäß,0
Busch,1
Jeans,1
Clip,1
Horror,1
heilen,1
Sims,1
Gürtel,1
europaweit,0
kombinieren,1
Sitzplatz,0
mies,1
Neuzeit,0
Matte,1
alias,1
Schmutz,1
Klub,1
streichen,1
Nudel,1
Dampf,1
III,0
blond,1
Shopping,0
Leitlinie,0
Rückfahrt,0
Kult,1
Ego,1
Flut,1
Schub,1
Leitfaden,0
Raumschiff,0
Trieb,1
Hexe,1
Panorama,1
Soundtrack,0
Augenmerk,0
Elektron,1
Zwilling,1
Inland,1
Gummi,1
decken,1
Tritt,1
transportieren,1
Pinsel,1
Pfosten,1
Schnecke,1
Latte,1
autonom,0
Schande,1
orange,1
Foul,1
Koch,1
Altenheim,0
Routine,1
Devise,1
Run,1
Soziologie,0
Mütze,1
Koran,1
Normalfall,0
Sozialdemokrat,0
empfohlen,0
Thron,1
Knoblauch,1
Muslim,1
Pyramide,1
Tanzen,1
meistern,1
Delegierte,1
Widerruf,0
Kristall,1
Stockwerk,0
sinken,1
Rute,1
Pistole,1
fangen,1
reißen,1
sodann,0
flott,1
Lenkrad,0
Ära,1
Laufbahn,0
weinen,1
frech,1
lenken,1
Molekül,1
Echo,1
Schacht,1
Psychiatrie,0
mieten,1
Hörbuch,0
Ältere,0
Neonazi,0
Prospekt,1
Staatsanwalt,0
motivieren,1
Mais,1
Sprit,1
Parallele,0
Schranke,1
Privatsphäre,0
Strang,1
Gilde,1
Offensive,0
String,1
Portrait,1
Englische,0
obgleich,0
signifikant,0
Affäre,1
Flora,1
Interface,0
zeitnah,0
Eck,1
Hörspiel,0
seitdem,0
Arbeitslosengeld,0
Weinberg,0
mein,1
Buche,1
Zentrale,1
Klausel,1
Stoffwechsel,0
eisern,1
herein,0
fließen,1
Kommen,1
Damm,1
Palme,1
Trip,1
Statue,1
sparsam,0
Pflegeheim,0
Regenwald,0
Rot,1
Soul,1
Guthaben,0
Letzte,1
Dunkeln,0
Süße,1
Bombe,1
Freiwillige,0
Selbstvertrauen,0
Date,1
widersprechen,0
Schauplatz,0
Elfe,1
Narbe,1
Etwas,1
Quark,1
kritisieren,1
Pädagoge,1
immens,1
Inanspruchnahme,0
deutschlandweit,0
Schwede,1
Weide,1
Tattoo,1
Bauweise,0
Bohne,1
Säugling,0
Depot,1
Rauch,1
Satan,1
Appetit,1
Kissen,1
Garde,1
Acht,1
Pate,1
Remis,1
Buffet,1
existieren,1
Schublade,0
Firefox,0
überein,0
roh,1
Go,1
Grube,1
Turbo,1
Esel,1
Dirigent,0
Matratze,1
Western,1
lahm,1
klick,1
träumen,1
Missstand,0
Made,1
Badewanne,0
Feierabend,0
Schwule,1
Diakonie,0
°C,0
fürchten,1
Projektor,0
schwer,1
imposant,0
Mine,1
Enzym,1
Spanisch,1
fossil,1
Leitbild,0
hochladen,0
näher,0
Cocktail,0
Holocaust,1
Segel,1
Weitergabe,0
Dschungel,1
Steg,1
brennen,1
Liebste,0
Durst,1
Landkarte,0
Miss,1
Parade,1
Harz,1
Wollen,1
Elf,1
rennen,1
Magnet,1
rücken,1
Huf,1
Positive,0
Schlagzeug,0
Derby,1
Steckdose,0
westdeutsch,0
Rektor,1
Off,1
Dichte,1
Witwe,1
Strauch,1
Lobby,1
Bulle,1
Titan,1
Schweiß,1
SS,0
Frost,1
Sockel,1
empfangen,1
norddeutsch,0
Schwelle,1
füttern,1
Gabel,1
Tausch,1
allererste,0
Rutsch,1
Schädel,1
Ross,1
Napoleon,0
Wirbelsäule,0
wenigsten,0
Schwachstelle,0
Schärfe,0
Manuskript,1
Algorithmus,1
Buddha,1
Testen,1
gönnen,1
Biografie,0
Checkliste,0
Dialekt,1
LP,0
Bremse,1
Depp,1
Neukunde,0
Po,1
Country,1
Nach,1
telefonieren,1
Ziege,1
stoßen,1
Nähere,0
plazieren,1
ordnungsgemäß,0
linear,1
Rollstuhl,0
Flatrate,0
Niedersachse,0
Dreh,1
Private,1
Pfote,1
weitergeben,0
Klartext,0
Fang,1
Selbsthilfe,0
adäquat,1
Jemand,1
Essay,1
Vizepräsident,0
rauchen,1
Marsch,1
Schraube,1
Rückrunde,0
Friede,1
Cache,1
agieren,1
Knabe,1
Heide,1
reparieren,1
Hygiene,1
Dilemma,1
Streitkraft,0
Digitalkamera,0
Biss,1
lohnen,1
Schoß,1
Selbst,1
Keim,1
Fördermittel,0
Dunkel,1
punkten,0
Sessel,1
out,1
Sequenz,0
Implantat,0
malen,1
heben,1
Panel,1
losgehen,0
Bude,1
Safari,1
Wiedersehen,0
Kondom,1
Mast,1
montags,0
Reisebüro,0
Spa,1
Debüt,1
Appell,1
Weizen,1
Tragödie,0
Slogan,1
LCD,0
Automobil,0
Sozialhilfe,0
Exponat,0
dokumentieren,1
Platine,1
College,1
strikt,1
Schaltfläche,0
Misstrauen,0
Rebell,1
senkrecht,0
Schlucht,1
Spezies,1
Nische,1
Kopieren,1
scheitern,1
Rechtsstaat,0
Obergeschoss,0
interpretieren,1
hinunter,0
Hypothese,1
Zombie,1
Kalorie,0
Exil,1
Hebamme,1
Schlafen,1
Ehrgeiz,0
fies,1
Kosmos,1
Gurke,1
Nokia,1
Alge,1
Niederland,0
runterladen,0
ernst,1
zocken,1
obendrein,0
Förderprogramm,0
ärgern,1
Schadstoff,0
Stätte,1
Chemikalie,0
meckern,1
hautnah,0
Stream,1
Baumwolle,0
Weihnachtsmann,0
Aura,1
Bikini,1
Bruchteil,0
Häftling,0
Stellplatz,0
Sauce,1
dezent,0
Pforte,1
Wohngebiet,0
Keyword,0
Hirte,1
Röhre,1
wandern,1
Defensive,0
Badeanzug,0
Tenor,1
Demenz,0
Kathedrale,1
hauseigen,0
Kommentator,0
drüben,0
Poesie,0
Sekt,1
just,1
Empfinden,0
Liberale,0
Ökologie,0
Flop,1
Celsius,1
Garnichts,0
matt,1
PR,0
Arbeitsamt,0
Stillstand,0
starr,1
Königreich,0
spenden,1
ungeachtet,0
Cockpit,0
Lake,1
barock,1
Pseudonym,0
neunt,0
Quadrat,1
Traube,1
DNA,0
downloaden,0
Zweikampf,0
Briefkasten,0
Eleganz,0
Finden,1
Henne,1
Kanone,1
hip,1
Stroh,1
Spielfilm,0
Vieh,1
Spring,1
Wette,1
Keyboard,0
Freibad,0
Webcam,0
Ork,1
Major,1
Mainstream,0
Ren,1
Utopie,0
stürzen,1
Barriere,1
Zentralbank,0
Cabrio,0
Schreibweise,0
Kapsel,1
Alu,1
Bluetooth,0
Adel,1
punkt,1
vielerlei,0
Joghurt,1
Skala,1
Sonderangebot,0
Extrem,1
Inbetriebnahme,0
Turnhalle,0
Hierarchie,0
Skepsis,1
Galaxie,0
Todesstrafe,0
Narr,1
Milieu,1
Salon,1
jagen,1
rechtsextrem,0
Handball,0
Ärmel,1
Bote,1
Echtzeit,0
Lamm,1
Historie,0
Tuning,1
Fee,1
nördlich,0
Jet,1
teilhaben,0
Leserbrief,0
südlich,0
Lokomotive,0
seinerseits,0
Kommunalwahl,0
Ohm,1
meinerseits,0
aktualisieren,1
wahren,1
Autonomie,0
Venus,1
Interessante,1
Grinsen,1
Handarbeit,0
Diagramm,1
weiterempfehlen,0
Inkrafttreten,0
Yacht,1
Festland,0
Postfach,0
Fohlen,1
Meeting,0
sonntags,0
Upgrade,0
Drive,1
Omega,1
Food,1
Oase,1
Rampe,1
Troll,1
Kindergeld,0
Parteitag,0
drittens,0
Masche,1
Triumph,1
Hecke,1
Moslem,1
AK,0
Regionalliga,0
Sächsische,0
Brennstoff,0
Hochhaus,0
empfinden,0
Forst,1
Gasthof,0
Setting,0
Pleite,1
Schiri,0
Mathe,1
schmecken,1
Parole,1
Chirurgie,0
Kurzgeschichte,0
zweitgroß,0
Zecke,1
fehl,1
Lehrplan,0
Lkw,0
Multimedia,0
Kraftstoff,0
Aminosäure,0
Strafrecht,0
Movie,1
Israeli,0
Engineering,0
Bookmark,0
fliehen,1
As,1
Talk,1
zuvor,0
Rückschlag,0
Tatbestand,0
Blinde,0
Komplex,1
Wasserstoff,0
schreien,1
Hecht,1
Hengst,1
demonstrieren,1
Oberstufe,0
Mobbing,0
kraft,1
Zitrone,1
Kaufmann,0
Rundschau,0
sinngemäß,0
Tief,1
Macke,1
Tabak,1
Tab,1
Radius,1
Reh,1
Orient,1
Setup,1
Kleinstadt,0
Stopp,1
Lifestyle,0
darüberhinaus,0
Baron,1
soft,1
Sauerland,0
Minus,1
Apparat,0
Hype,1
heil,1
Fußboden,0
Äußere,0
Tacho,1
Manko,1
indessen,0
Zoom,1
Azubi,0
intakt,1
zeichnen,1
Stop,1
Blase,1
Lesbe,1
Haube,1
ostdeutsch,0
Neuwahl,0
deuten,1
Tribüne,1
Mikro,1
Kost,1
sicherstellen,0
Kragen,1
Asphalt,1
Senator,0
Fahrplan,0
Hausfrau,0
Dreharbeit,0
maßgeschneidert,0
Drang,1
Hypnose,1
exklusive,0
nichtsdestotrotz,0
folgendermaßen,0
Farm,1
Sperre,1
rapide,1
Crash,1
Fels,1
LV,0
Basketball,0
Spektakel,1
Saite,1
Kiosk,1
Globus,1
Sozialstaat,0
Parkett,1
Moped,1
trauen,1
Strophe,1
Satire,1
mögen,1
Inschrift,0
Modern,1
Grippe,1
Leuchtturm,0
inspirieren,1
Byte,1
Reaktor,0
naturgemäß,0
Vatikan,1
Wolle,1
Mutti,1
Lieferumfang,0
Innenhof,0
Comeback,0
Delta,1
Kabinett,1
Lodge,1
surfen,1
Des,1
Out,1
recherchieren,1
Wehrmacht,0
Schnauze,1
Querschnitt,0
Kaufhaus,0
meinetwegen,0
mitsamt,0
qualifizieren,1
Soße,1
Ballade,1
Schwangre,0
Mikrowelle,0
Stapel,1
Back,1
Riff,1
Demokrat,0
Drink,1
Sprichwort,1
Oberschenkel,0
Saarland,0
minus,1
SA,0
Clown,1
Jenseits,0
Scheune,1
Enzyklopädie,0
Fünf,1
Sumpf,1
Staunen,1
Plasma,1
putzen,1
Sphäre,1
Komma,1
Mücke,1
zitieren,1
Üben,1
Lernprozess,0
Check,1
Canyon,1
programmieren,1
traditionsreich,0
steif,1
Misserfolg,0
Brocken,1
Template,1
fromm,1
Reife,1
Mainboard,0
Heirat,1
haus,1
Husten,1
charmant,1
wurscht,1
Traktor,1
Kalb,1
Spirit,1
Sparen,1
Dessous,1
sperren,1
netto,1
Quiz,1
offline,0
Knast,1
Controlling,0
Pfingsten,1
Rundreise,0
Schildkröte,0
vehement,0
Bürokratie,0
Relais,1
Privatleben,0
Atlas,1
legitim,1
Trupp,1
Gig,1
Zirkus,1
Attentat,0
locken,1
Proband,1
bremsen,1
Allee,1
Gans,1
Sarg,1
Bursche,1
Nintendo,1
Kolumne,1
Stehen,1
kontaktieren,1
Torte,1
weithin,0
Spargel,1
Handvoll,0
Schwere,1
Freak,1
Koordinate,0
Klicken,1
Scheck,1
samstags,0
moderat,0
zugrunde,0
Greifswald,0
Wucht,1
Sonderpreis,0
Neuanfang,0
Touchscreen,0
mischen,1
Panne,1
Wanne,1
Komitee,1
gleichfalls,0
Wache,1
Defekt,1
Tapete,1
Möhre,1
lautstark,0
Textilie,0
Walking,0
Niedergang,0
beiseite,1
Diktator,0
Schreck,1
Trauma,1
vollends,0
Oberliga,0
Jubel,1
Sekretariat,0
Außenbereich,0
Löffel,1
Hauptmenü,0
Wirbel,1
herab,0
Ballon,1
Kot,1
Gag,1
Klinge,1
Naht,1
Aula,1
Werdegang,0
Eigenart,0
hindurch,0
Mehrkosten,0
Kessel,1
Doku,1
Flöte,1
Euphorie,0
Syndrom,1
Drache,1
Reflex,1
Vogt,1
Quartett,1
orthodox,0
Thai,1
Asthma,1
Mandel,1
Mafia,1
Konzil,1
Linse,1
Zwischenfall,0
Shampoo,1
Impfstoff,0
aufeinander,0
Psalm,1
Novelle,1
durcheinander,0
hier,1
Kolben,1
Kick,1
Aue,1
Moos,1
Triebwerk,0
Kurzfilm,0
Schleife,1
Archäologie,0
Muschel,1
Speck,1
Vollmacht,0
blass,1
Intellektuelle,0
Fledermaus,0
Volkshochschule,0
Fachhandel,0
Fotografieren,0
Disc,1
Schlimmste,0
Hauptgrund,0
Artefakt,1
Schluck,1
Diözese,1
Funke,1
Tournee,1
Pickel,1
halber,0
Seife,1
irgendeinen,0
Schimmel,1
Expertise,0
Kurze,1
Boom,1
Intervall,1
Pose,1
kompensieren,1
hölzern,1
Nebeneffekt,0
kurzum,0
Lehrling,0
Cash,1
Rudel,1
Jeep,1
bizarr,1
Teleskop,1
stumm,1
Trotz,1
zugute,0
Igel,1
Rückschluß,0
Pott,1
Vaterland,0
Interpret,1
Headset,0
Krippe,1
mediterran,1
Nerv,1
Sonde,1
nüchtern,1
Pest,1
Eiche,1
Pracht,1
Switch,1
Schere,1
allseits,0
Funken,1
Sprechstunde,0
Biomasse,0
träge,1
Bridge,1
kehrt,1
Stativ,0
Inserat,0
umher,0
Snack,1
Labyrinth,1
Horde,1
stützen,1
Array,1
Embryo,1
Sachse,0
werten,1
Sammeln,1
intim,1
Fake,1
Schützling,0
Kohlendioxid,0
Fuge,1
Schachtel,1
Kamm,1
Astrologie,0
montieren,1
Chirurg,1
zirka,1
Dorn,1
Khan,1
Vita,1
Panda,1
Synthese,1
Rücksprache,0
Tabu,1
blank,1
brillant,0
woraus,0
rar,1
Vollzug,0
Lebenszeit,0
dreifach,0
Realismus,0
Revue,1
Larve,1
widerstehen,0
Neffe,1
Handtasche,0
Rippe,1
atomar,1
Handling,0
amüsant,1
Rückgabe,0
Future,1
weisen,1
Messgerät,0
Pommes,1
Schnabel,1
Substrat,0
Luna,1
Sohle,1
derb,1
Asyl,1
tags,0
Ultraschall,0
Kehle,1
Grauen,1
Gurt,1
Parasit,1
Bahnsteig,0
Fauna,1
Eifersucht,0
vollendet,0
weitermachen,0
stammen,1
Dominanz,0
Wohnwagen,0
Paprika,1
Fortgeschrittene,0
loben,1
Zink,1
scheinen,1
steinern,1
riskieren,1
Kondensator,0
Arroganz,0
Bohle,1
Programmiersprache,0
Kies,1
Input,0
Schädling,0
markieren,1
Wellenlänge,0
Garnele,1
vielerorts,0
Schlamm,1
Point,1
Skelett,1
Sonstige,0
nerven,1
Detektiv,0
drumherum,0
tanken,1
Werft,1
Pflegedienst,0
licht,1
human,1
Wohnmobil,0
nächst,1
Schinken,1
Synonym,1
ahnen,1
Lift,1
wohlgemerkt,0
locker,1
artgerecht,0
Paragraph,1
kleben,1
Kennzahl,0
Insasse,1
Nahverkehr,0
Kakao,1
Zebra,1
pleite,1
Aids,1
Rap,1
Mythologie,0
baden,1
Kassette,1
minimieren,0
täuschen,1
Ohnmacht,0
Intro,1
formen,1
BIOS,0
drüber,0
Essig,1
Mensa,1
Prüfstand,0
Kit,1
Reichstag,0
Schaft,1
Düse,1
Bleistift,0
Ruhrgebiet,0
Robbe,1
Neumarkt,0
Halloween,0
XI,0
Makro,1
Denkweise,0
albern,1
Klettern,1
Pavillon,1
Konsistenz,0
Düne,1
Kontrahent,1
Laterne,1
Lebzeit,0
Kaufen,1
Mentor,1
Sorgerecht,0
Lese,1
meiden,1
Double,1
Storch,1
Partikel,1
räumen,1
Cowboy,0
Graph,1
Wohnfläche,0
Gaumen,1
freigeschaltet,0
Innenseite,0
Shuttle,1
Tragekomfort,0
warnen,1
Freeware,0
sprengen,1
lauten,1
Streich,1
zaubern,1
Reptil,1
Prädikat,0
Memory,1
Österreichische,0
ccm,0
Telefonieren,1
Backlink,0
knüpfen,1
Volleyball,0
niedergelassen,0
allermeist,0
Schleimhaut,0
eiskalt,0
oll,1
backen,1
regnen,1
Mobilfunk,0
Schwindel,1
missen,1
Idealfall,0
Limousine,1
landesweit,0
Null,1
Ameise,1
Klare,1
Starten,1
Willkür,1
leuchten,1
Frische,1
Neugeborene,0
Chemotherapie,0
Tick,1
Springen,1
Brennweite,0
Sprint,1
alsbald,0
Ladegerät,0
tippen,1
eingangs,0
Girl,1
Reim,1
Theke,1
zueinander,0
Square,1
Tribut,1
Upload,0
Buggy,1
Ignoranz,0
Mob,1
Perle,1
Hauptsitz,0
Fehlverhalten,0
leck,1
Stoß,1
Jüngere,0
Schnelle,1
Fürsorge,0
Fasten,1
Briefmarke,0
Camping,0
Treibstoff,0
Ökonom,1
arrogant,0
Plot,1
PDA,0
Holding,0
Petersilie,1
Dogma,1
Registrieren,1
Fichte,1
Ehrenamtliche,0
Homosexuelle,0
Domäne,1
Internat,0
Handicap,0
klagen,1
körpereigen,0
Axt,1
Lot,1
Deich,1
Konstrukt,1
Schwarm,1
provozieren,1
alpin,1
Scham,1
Putz,1
Channel,1
dazugeben,0
Trilogie,0
Pfennig,1
Dia,1
Wichtige,0
Highway,0
homogen,0
Taliban,1
Phantom,1
Pharao,1
Vielfache,0
Bube,1
Ion,1
Heilmittel,0
Enge,1
Stadtplan,0
Rune,1
brandneu,0
Karma,1
Empire,1
hinab,0
Kaserne,1
Monopol,0
Mögliche,0
Membrane,1
Prominente,0
deaktivieren,1
wiedergeben,0
riechen,1
Hefe,1
Mailingliste,0
Grau,1
link,1
Engpass,0
Imbiss,1
ruhen,1
Kaufleute,0
Elektroauto,0
kürzen,1
Fight,1
Pol,1
Whisky,1
Rating,0
Nonne,1
Kirsche,1
Phrase,1
kontrovers,1
Kleinanzeige,0
Schlimme,0
Schall,1
Dekan,1
klettern,1
Comedy,1
Schütze,1
Westen,1
Sigma,1
Kaktus,1
Völkerrecht,0
Psychotherapeut,0
Kalk,1
Messias,1
positionieren,1
Tango,1
vorher,0
Passat,1
Merkliste,0
festgestellt,0
Migräne,1
Guru,1
wund,1
rauskommen,0
Kompressor,0
Elan,1
Rußland,0
PIN,0
Fleiß,1
drauf,0
Rast,1
Schwan,1
Ferse,1
maritim,1
Adressat,0
Altbau,0
heim,1
irrelevant,0
Move,1
Schauspielern,0
Lachs,1
subtil,1
Kompass,1
Stube,1
Klicke,1
Eile,1
Außenwelt,0
Kinn,1
opfern,1
Ai,1
Brühe,1
hauen,1
Rallye,1
gießen,1
Prise,1
Brut,1
Stammzelle,0
Booklet,1
Minderjährige,0
naturnah,0
allerhand,0
Techno,1
Hirsch,1
Kran,1
argumentieren,1
Cannabis,1
Rennstrecke,0
England,1
irre,1
Diskette,0
schonen,1
Krampf,1
Rote,1
Kernel,1
demnach,0
Inkasso,1
Slot,1
brutto,1
Safe,1
würdigen,1
Folk,1
Nebenkosten,0
variant,0
Emirat,1
Steak,1
Komet,1
knacken,1
Trasse,1
tolerant,0
IQ,0
Raumfahrt,0
Spike,1
Kriminelle,1
Altersheim,0
Monitoring,0
zweifelsohne,0
Astronomie,0
altbekannt,0
handfest,0
schütteln,1
Rabe,1
Klientel,1
Vollgas,1
trocknen,1
züchten,1
dominant,0
Chief,1
Treff,1
Etikett,1
Lehramt,0
Eigenheim,0
MX,0
woraufhin,0
Standesamt,0
trüb,1
schildern,1
vorwärts,0
Alliierte,0
Etat,1
Spieß,1
unweit,0
Leiste,1
Fliege,1
Seuche,1
rollen,1
Doping,0
Kompanie,0
Prostituierte,0
Führe,1
Stütze,1
Regenbogen,0
Multi,1
Europawahl,0
Stöbern,1
Bot,1
Koma,1
skurril,1
nuklear,0
Ressort,1
Jüngste,0
Timing,0
Nahkampf,0
Eule,1
Oberst,0
Tinte,1
atmen,1
Madame,1
Freiherr,0
wochenlang,0
weichen,1
Turbine,1
Piano,1
Schwarz,1
Triathlon,0
Schlechte,0
Basteln,1
Bürgerrecht,0
Windel,1
Helfen,1
Remake,0
Saatgut,0
infrage,0
Pflegekraft,0
Schweinfurt,0
östlich,0
Bungalow,1
Sekundarstufe,0
respektieren,1
farbenfroh,0
bitteschön,0
Edelmetall,0
Gate,1
Krawatte,1
gleichberechtigt,0
Küken,1
Schließen,1
Hauptproblem,0
molekular,1
Narkose,1
Wiege,1
Stollen,1
Riegel,1
Wachs,1
Nexus,1
Hort,1
Alb,1
Kennwort,0
Joint,1
Klippe,1
Megapixel,0
Fackel,1
Miene,1
Gala,1
hybrid,1
Viech,1
ebenda,0
Stützpunkt,0
Juwel,1
Tele,1
Fairness,1
bundesdeutsch,0
Kamel,1
Horoskop,1
Eigen,1
kippen,1
Fahrzeit,0
Trab,1
aneinander,0
Wade,1
Framework,0
brisant,0
abseits,0
Instinkt,1
Korrespondenz,0
lindern,1
Schlitten,1
Pegel,1
Puzzle,1
Promi,1
Vitrine,1
Orgasmus,1
Blizzard,1
variieren,1
stur,1
Porzellan,1
Großprojekt,0
Wiedergeburt,0
Teilzeit,0
Kanu,1
zäh,1
Frankfurt,0
Knall,1
hilfsbereit,0
handhaben,0
Töten,1
Nebenjob,0
Sieb,1
Arche,1
modular,0
Blondine,0
Steuerpflichtige,0
grüßen,1
Kutsche,1
Alleingang,0
zweifeln,1
Fußnote,0
Zimt,1
Weinheim,0
Werbemittel,0
Truck,1
Vollzeit,0
Schäferhund,0
jahrzehntelang,0
Brennpunkt,0
weiterentwickeln,0
Pappe,1
Seide,1
Ladezeit,0
lehren,1
Aschaffenburg,0
einher,0
Studienplatz,0
Homo,1
Stiel,1
Mountainbike,0
Hauptaufgabe,0
Vokabel,1
lächeln,1
reflektieren,1
schlapp,1
Casting,0
Fahrkarte,1
Festakt,0
Arthrose,1
Marmelade,1
Orchidee,1
Festnahme,0
Therme,1
Neuwagen,0
praxisnah,0
Floh,1
Pub,1
hohl,1
Sol,1
Bloggen,1
Blaue,1
Intrige,1
Hymne,1
Coupé,1
Schwamm,1
solo,1
Vinyl,1
Borg,1
Atmen,1
Wahn,1
Monarchie,0
donnerstags,0
Output,0
längs,0
Barock,1
Liturgie,0
Face,1
Nächstenliebe,0
inbegriffen,0
Trance,1
History,1
Irre,1
Buchse,1
Spirale,1
Extremfall,0
Parken,1
riskant,1
Akne,1
Dessert,1
heulen,1
italienisch,0
Heile,1
Photon,1
küssen,1
Mappe,1
versus,1
dreist,1
Bios,1
Diplomat,0
Oberhand,0
flüchten,1
Mir,1
Schnaps,1
Leopard,1
schüchtern,1
gratulieren,1
End,1
Prämisse,1
freischalten,0
Grip,1
Schnitzel,1
Wohnbereich,0
Neugierde,1
Raub,1
Schwalbe,1
Privileg,1
importieren,1
Fahrstuhl,0
schlucken,1
Bratwurst,0
Pollen,1
westlich,0
Fremdwort,0
Strahl,1
forschen,1
allerletzt,0
wohingegen,0
Forelle,1
Werden,1
Lotto,1
Tape,1
Nikon,1
BMW,0
Piercing,0
nahegelegen,0
Zirkel,1
imstande,0
turbulent,0
tagelang,0
Aristoteles,0
Kluft,1
Demut,0
Biologe,1
Rausch,1
Zeche,1
Psychoanalyse,0
Potenz,0
Break,1
Quad,1
bestehen,0
Fünftel,0
Kollektiv,0
clean,1
Vierte,0
Kürbis,1
loslassen,0
Brennen,1
Chili,1
Doppelbett,0
Wels,1
Paste,1
Sportwagen,0
nähern,1
konfigurieren,1
Type,1
kotzen,1
weltberühmt,0
Promille,1
fernab,0
Archäologe,0
Krokodil,1
Pakt,1
Lehm,1
selbsternannt,0
Festtag,0
Nuance,1
Violine,1
stabilisieren,1
Stereo,1
Spalt,1
Sponsoring,0
Rückflug,0
Krach,1
solang,0
zielgerichtet,0
manipulieren,1
Ghetto,1
Feeling,0
Teddy,1
drängen,1
Prosa,1
Freibetrag,0
Solarzelle,0
Angst,1
schämen,1
fällen,1
DX,0
Schreibstil,0
Direkt,1
Weltmarkt,0
Police,1
Gigabyte,0
selbstbestimmt,0
Prima,1
Kontroverse,0
Dumme,1
Ballett,1
Wohnheim,0
Spott,1
Hummel,1
Delikt,1
Glühbirne,0
Odenwald,0
Garderobe,0
Schablone,1
Nutz,1
Intranet,0
Kabarett,1
Idol,1
Tsunami,1
Cop,1
Feinste,0
Rückfall,0
Däne,1
Keule,1
Wall,1
Sozialamt,0
Rücknahme,0
stet,1
Eigeninitiative,0
Strick,1
marin,1
Knecht,1
Schuldige,0
Hepatitis,1
Nässe,1
Karpfen,1
Kulturgut,0
Bräutigam,1
Tube,1
Rost,1
Sitemap,0
Spule,1
Weste,1
Jüngling,0
Farbstoff,0
Spinne,1
Karate,1
Bibliographie,0
monatelang,0
gang,1
Step,1
Silbe,1
Karotte,1
Tornado,1
nebeneinander,0
Pfiff,1
Trophäe,1
Weiterfahrt,0
Messwert,0
Log,1
Espresso,1
Zügel,1
Falsche,1
tabu,1
Schießen,1
Stickstoff,1
Physiotherapie,0
Seelsorge,0
Pi,1
korrupt,1
Grünfläche,0
instant,1
Alm,1
Examen,1
Hub,1
Akkord,1
Skat,1
dienstags,0
stehlen,1
Zeichnen,1
Doktorand,0
reservieren,1
Sultan,1
Karre,1
Nichte,1
sortieren,1
Ninja,1
Falke,1
Leitsatz,0
aufwärts,0
Weiterlesen,0
Feldzug,0
Disk,1
Juckreiz,0
Nordsee,0
Schleuse,1
sorgsam,0
Bösewicht,0
russisch,0
Magistrat,0
Biotechnologie,0
Schadenersatz,0
Remix,0
Bluse,1
Gleichgesinnten,0
Friedhelm,0
Senden,1
Buckel,1
Saga,1
Rezensent,0
dankeschön,0
Sammelband,0
zweifach,0
regieren,1
Biotop,0
Oberteil,0
Aktiv,1
OB,0
selbstgemacht,0
Faxe,1
Spatz,1
Heizkosten,0
Fahrschule,0
Braten,1
Deko,1
Wilde,1
Kreative,0
Außerirdische,0
Nu,1
Kleingruppe,0
Whirlpool,0
allergut,0
Raupe,1
Altern,1
Soziologe,0
Most,1
Waschbecken,0
karg,1
vorweg,0
Preview,0
Maja,1
Leerlauf,0
Schallplatte,0
Innenleben,0
Cousine,1
Pore,1
Swing,1
Silikon,1
Score,1
Ruck,1
elft,0
trösten,1
Transparent,1
Rohling,0
Nichts,1
rundherum,0
Sozialdemokratie,0
Lastwagen,0
Schnupfen,1
Fahrweise,0
Drehen,1
kreieren,1
herbei,0
preisgekrönt,0
Finne,1
Neurodermitis,0
Eden,1
Nickel,1
Joggen,1
Zivildienst,0
Rückwand,0
Porno,1
parken,1
spekulieren,1
indigen,1
mal,1
Kreisel,1
Werbespot,0
Pfeife,1
Schlüsselwort,0
Gau,1
Gulden,1
Marmor,1
Puma,1
checken,1
staunen,1
download,0
Rechteck,0
Merkblatt,0
Webspace,0
Glut,1
Sachverstand,0
Apache,0
Riemen,1
Gatte,1
hinüber,0
Tresen,1
Kitten,1
Schamane,1
Leasing,0
Ziehen,1
Wohlergehen,0
Synode,1
Burnout,0
Promenade,1
Sierra,1
empfunden,0
Catering,0
Essenz,1
Pelz,1
Scheu,1
Relief,1
Dekanat,0
Maxime,1
lila,1
solar,1
Granit,1
Rückspiel,0
Schubladen,0
heterogen,0
Alphabet,1
Multiplikator,0
Football,0
Älteste,0
Solarenergie,0
Zigarre,1
Sense,1
quälen,1
Schwache,0
Sonderausgabe,0
Gnom,1
Astronom,1
Rivale,0
Nationalstaat,0
Parfüm,1
schrauben,1
Leckerbissen,0
insgeheim,0
Heiland,1
Flirt,1
Funktionieren,1
Elch,1
leugnen,1
schmeißen,1
dumpf,1
Transistor,0
Plakette,1
barfuß,1
leihen,1
Sachbuch,0
Rückhalt,0
diffus,1
Lange,1
Kleinwagen,0
Götze,0
festigen,1
liquid,1
Ritt,1
Lotus,1
ordnen,1
Trinkgeld,0
operieren,1
Kleinste,0
standhalten,0
Dekade,1
vage,1
Futtermittel,0
Präferenz,0
Paradigma,1
bißchen,0
Ritus,1
Weinbau,0
Wohngebäude,0
schöpfen,1
Kranz,1
streicheln,1
Kunststück,0
Shooting,0
Manifest,1
Superlativ,0
linken,1
Schenkel,1
Pestizid,0
hassen,1
abzüglich,0
Aquarell,1
Defekte,0
Starke,0
Diva,1
Festspiel,0
Konstante,0
Katalysator,0
Distrikt,1
Zehntausend,0
Nobelpreis,0
Kürzel,1
Countdown,0
Symbiose,1
Stengel,1
Inbegriff,0
kühn,1
Biest,1
Rechnen,1
empor,1
Eid,1
Kappe,1
Lanze,1
BWL,0
Trommel,1
Trocknen,1
Mächtige,0
Olive,1
Eichel,1
Flow,1
empört,1
Airbag,0
Guss,1
Melancholie,0
blockieren,1
SUV,0
Strumpf,1
festgesetzt,0
fristgerecht,0
Avantgarde,0
Dolch,1
Ziegel,1
Resident,0
Vanille,1
Strauß,1
Wodka,1
Fahrverbot,0
Obhut,0
Picknick,0
nagelneu,0
Netto,1
Fühlen,1
vollziehen,0
Oberseite,0
Relikt,1
Harm,1
Milbe,1
Veteran,1
allerseits,0
Recycling,0
Aloe,1
Gutschrift,0
Scout,1
lagern,1
Program,1
Floskel,1
Kiez,1
Pauschale,1
Grosse,1
Triple,1
Privatkunde,0
Wrack,1
Mikroskop,0
Kurde,1
Host,1
mobilisieren,1
rächen,1
pflanzen,1
wasserdicht,0
taub,1
Suizid,1
Diskrepanz,0
Heizöl,1
Return,1
Spray,1
wandeln,1
schmunzeln,1
Müsli,1
Bistro,1
Lassen,1
fachgerecht,0
Leichnam,1
Jetzt,1
Konservative,0
Imperialismus,0
NC,0
Tscheche,0
stunden,1
Israelit,1
Rennrad,0
Banking,0
weltgroß,0
Idylle,1
impfen,1
Osteoporose,0
straff,1
Kantine,1
Fahrverhalten,0
tagen,1
Imam,1
Infekt,1
Nationalrat,0
Mercedes,0
Stachel,1
latent,0
Regatta,1
Hauptziel,0
Reißverschluß,0
Internationale,0
Gateway,0
Statut,1
Außenwand,0
Kegel,1
Schnappschuss,0
Operator,0
Vase,1
Cape,1
Werwolf,0
Großhandel,0
bündeln,1
experimentieren,1
Binge,1
lügen,1
Kriegsgefangene,0
Syntax,1
glänzen,1
Swimmingpool,0
Deutsch,1
Cafeteria,1
Weiße,1
Fossil,1
Esprit,1
Linde,1
Truhe,1
Streifzug,0
Groove,1
Kröte,1
Hohn,1
Pipeline,0
Clou,1
Pflegestelle,0
Parcours,1
wüst,1
Boulevard,1
Oberarzt,0
Scherbe,1
Mahl,1
entsprechend,0
Misere,1
konstruieren,1
wiederfinden,0
Zopf,1
Hetze,1
Trubel,1
schwingen,1
wetten,1
Schmunzeln,1
Bonbon,1
Finca,1
Koordinator,0
Buße,1
wohlfühlen,0
Karren,1
nützen,1
Kanne,1
Boutique,1
Joch,1
Physiotherapeut,0
Mahnverfahren,0
Preuße,1
Heilpflanze,0
irren,1
Hauptteil,0
denkmalgeschützt,0
Vollansicht,0
Schaltplan,0
Schurke,1
militant,0
widerlegen,0
Studieren,1
Rinde,1
kund,1
Marshall,1
Hauptmann,0
stöbern,1
Membran,1
zuliebe,0
Vollmond,0
kinderleicht,0
Neujahr,0
Gloria,1
Oldie,1
Expo,1
Zange,1
Resistenz,0
hochmodern,0
Akkordeon,1
Sozialgericht,0
wiegen,1
Diode,1
Birke,1
Chrom,1
vorab,0
Ventilator,0
Mulde,1
Trafo,1
Elektromotor,0
Plagiat,0
fertigen,1
Telefax,0
Startup,0
Lagune,1
schädigen,1
Epilepsie,0
Serbe,1
Leseprobe,0
kehren,1
Pasta,1
Sinfonie,0
toppen,1
Kuppel,1
Schwabe,1
Prestige,1
Schönste,0
editieren,1
Rezeptor,0
Fjord,1
hold,1
Heizen,1
Adjektiv,0
Duett,1
Konkurs,1
scheu,1
Samba,1
duschen,1
Synergie,0
platzen,1
reinstellen,0
energieeffizient,0
Kölsch,1
Hülse,1
IM,0
stillen,1
Astronaut,0
Eigentor,0
Extraklasse,0
Pellet,1
vegan,1
zwölft,0
Rebe,1
Task,1
Proletariat,0
Dino,1
Biogas,1
Rundfahrt,0
Volksfest,0
Palais,1
schälen,1
Koralle,1
vorüber,0
Podest,1
agil,1
Resümee,1
Staude,1
Dynastie,1
Bündel,1
logo,1
Ellenbogen,0
Kontingent,1
Leuchte,1
koordinieren,1
Tresor,1
Klebeband,0
Shoppen,1
Orthopäde,0
Pointe,1
wundersam,0
Laminat,0
Speise,1
Rückgrat,0
Boykott,1
firm,1
regulieren,1
scheiden,1
Diskothek,0
Bandit,1
Halbmarathon,0
kahl,1
Hauptgebäude,0
Dolby,0
Sklerose,1
Kurzschluss,0
Dart,1
Hauptthema,0
Pharmaindustrie,0
Barsch,1
Kanzel,1
Ferrari,1
Denkanstoß,0
Je,1
Plateau,1
öde,1
Fracht,1
Wiederaufnahme,0
Nix,1
Prothese,1
Wachsen,1
marode,1
Obergrenze,0
riesengroß,0
Bataillon,1
Salbe,1
Spore,1
Pfütze,1
Utensil,1
kennzeichnen,0
Richtwert,0
loslegen,0
missbrauchen,0
Kelch,1
Kasten,1
Crack,1
Pflegebedürftige,0
Krug,1
wirr,1
Elb,1
Klee,1
Nass,1
contra,1
Leitstelle,0
Placebo,1
Tauchgang,0
Lade,1
Messenge,0
Reue,1
Photographie,0
Gips,1
Spinat,1
nächstgelegen,0
Waggon,1
Tiergarten,0
Idealismus,0
Konsorten,0
Karfreitag,0
Schmied,1
Tücke,1
prägnant,0
Volltext,0
Marge,1
Vene,1
Nährboden,0
differenzieren,1
Parodie,0
Busen,1
Kiel,1
Sterbehilfe,0
Wahre,1
Arge,1
Sprengstoff,0
Wiederwahl,0
Click,1
Domizil,1
Stimmrecht,0
Häuptling,0
Präsent,0
Kaugummi,0
Elektrode,1
Putzen,1
Kommilitone,1
Inka,1
Außenstelle,0
Relaunch,0
Weiters,0
lau,1
Kelte,1
Saat,1
Workflow,0
Reggae,1
Fachschule,0
Rotor,1
Zahnrad,0
board,1
Schwerkraft,0
Rheuma,1
Tau,1
fade,1
Nickname,0
Philippe,0
Rübe,1
Tanne,1
rausholen,0
Träne,1
Kurzurlaub,0
infolgedessen,0
prall,1
Charta,1
klauen,1
kassieren,1
Symphonie,0
Prüfen,1
Sozialgesetzbuch,0
Grat,1
hüten,1
Kübel,1
filmen,1
Lausitz,1
Güterverkehr,0
dulden,1
Kaufkraft,0
mindern,1
Niederschrift,0
Doppelklick,0
Lösen,1
high,1
Hauptaugenmerk,0
Fortbestand,0
Luftfahrt,0
Saxophon,0
Ahle,1
Neptun,1
Makel,1
weltbekannt,0
sensibilisieren,1
Loge,1
stechen,1
Spaghetti,1
Koi,1
weiterführen,0
Taverne,1
Pauschalreise,0
Tinnitus,1
Typus,1
Kopierschutz,0
feige,1
Rückreise,0
updaten,0
Knospe,1
Souvenir,1
Fährte,0
Proton,1
filigran,1
Achtelfinale,0
Choreographie,0
drittgroß,0
Privathaushalt,0
saugen,1
Leckerli,0
Soja,1
Eizelle,0
Hanse,1
Rückschritt,0
Judo,1
diskret,1
Ökumene,0
Spagat,1
Lektor,0
Ferkel,1
Fernglas,0
Lehrstelle,0
Tiefpunkt,0
Klebstoff,0
Clique,1
Raps,1
Augenzeuge,0
Hyperlink,0
Weißrußland,0
Förderschule,0
Credo,1
Schutt,1
Kriminalroman,0
Diakon,1
schmerzen,1
Waffel,1
Mannen,1
Heiligabend,0
Französische,0
weiterleiten,1
Hurra,1
Messing,1
Schlitz,1
Wespe,1
Laudatio,0
Wohlfühlen,0
Servus,1
Korridor,1
Basilika,1
Trompete,1
Klagenfurt,0
Split,1
Philharmonie,0
Strapaze,0
Großunternehmen,0
Hoden,1
siegen,1
Schikane,1
wohlverdient,0
Silhouette,1
protestieren,1
Altlast,0
Prüfling,0
Kampfhund,0
Schwachpunkt,0
Valentinstag,0
Dreiviertel,0
Skyline,0
schleppen,1
Bon,1
Salsa,1
Hure,1
Werbekampagne,0
Buchenwald,0
Hauptseite,0
dargeboten,0
Schmankerl,0
Turbulenz,0
Sonderfall,0
Galopp,1
Farce,1
Bambus,1
Terminus,1
sanieren,1
rühren,1
Target,1
Portemonnaie,0
Schleim,1
Stipendiat,0
wogegen,0
Werben,1
Haupteingang,0
Garnix,0
Oberland,0
Kanon,1
Zittern,1
Kurzarbeit,0
Kaplan,0
Locke,0
Acryl,1
Patriot,1
Malaria,1
krumm,1
Borke,1
Schick,1
schleifen,1
ausschließlich,0
Ire,1
Hypothek,0
ehren,1
Voliere,1
Phönix,1
Navigator,0
Eigenregie,0
knallhart,0
Musizieren,1
Husky,1
Doppelte,0
rumliegen,0
alters,1
Prostata,1
Bügel,1
Brutto,1
Hopp,1
Bravo,1
Größte,0
Spezialgebiet,0
leinen,1
Sozialarbeit,0
Hospiz,1
Prophylaxe,0
Tragweite,0
wachsam,0
kreuz,1
Klemme,1
wiederkommen,0
Scheide,1
Vektor,1
Windmühle,0
Modellbau,0
synchron,1
pink,1
walten,1
Sirene,1
Reflektor,0
rausnehmen,0
Napf,1
Leukämie,0
vonstatten,0
Fundus,1
Spuk,1
Derivat,0
Distributor,0
Cortison,1
praktizieren,1
Telefonie,0
Styling,0
Weiche,1
Knolle,1
Kitsch,1
glorreich,0
Pulli,1
simulieren,1
Sozialsystem,0
Trust,1
quick,1
Außendienst,0
stumpf,1
Cartoon,1
Extrakt,1
BH,0
exportieren,1
jawohl,0
lauschen,1
Tracht,1
hintereinander,0
Krümel,1
Wiederkehr,0
Reinigen,1
Diskutieren,1
Offline,0
Coup,1
Liberalismus,0
gleiten,1
schweben,1
Wechselkurs,0
Zögern,1
Pils,1
Kirmes,0
Warte,1
Ochse,1
Göttliche,1
Gastronom,1
Muße,1
baumeln,1
Binnenmarkt,0
Sekte,1
Peugeot,0
Wahlberechtigte,0
Spülmaschine,0
vonnöten,0
Dorsch,1
Met,1
lehrreich,0
Bordeaux,0
pervers,1
Jod,1
implementieren,1
Intoleranz,0
Zwischenstopp,0
Plane,1
Oberarm,0
Empathie,0
Flocke,1
ÖVP,0
fulminant,0
Schlimmere,0
Bodybuilding,0
instabil,0
Strafstoß,0
Hochland,0
prägen,1
Mischling,0
Graffito,1
Freistil,0
Bürgersteig,0
gaga,1
Sandwich,1
Primat,0
Ändern,1
Freiburg,0
Röntgen,1
Kohlenstoff,0
Wohltat,0
Fond,1
Monolog,0
Neurologe,0
obschon,0
Weingarten,0
Samurai,1
säkular,1
NGO,0
reinschauen,0
Finish,1
darlegen,0
Nitrat,0
mindeste,0
Förderpreis,0
Schwergewicht,0
rutschen,1
Volkswagen,0
Illustrator,0
Probieren,1
Wallfahrt,0
Term,1
Kurzform,0
rumlaufen,0
Koppel,1
Kalkül,1
Hauptmarkt,0
Eigenbau,0
Court,1
Extremismus,0
Grotte,1
Magd,1
Elektrofahrzeug,0
violett,1
schwächen,1
Arie,1
Diktat,0
Dunkle,0
Landebahn,0
spritzen,1
rekonstruieren,1
textil,1
konsumieren,1
Dramaturgie,0
Schnickschnack,0
Deutschlands,0
Deponie,0
Gospel,1
Pflegestufe,0
fixieren,1
Feuilleton,0
Wallach,1
Kadett,1
Hostel,1
Solarstrom,0
Wettstreit,0
Zauberwort,0
Orbit,1
Handumdrehen,0
Odyssee,1
Cursor,1
Fasching,1
tauchen,1
lackieren,1
Sparmaßnahme,0
Wechseljahr,0
Burgenland,0
Fehde,1
Hanf,1
Turnschuh,0
Achterbahn,0
Tolle,1
Branding,0
Kommerz,1
trist,1
Superman,0
Krücke,1
Schwermetall,0
Stadtviertel,0
Proxy,1
Hauptwerk,0
Simulator,0
Höchstmaß,0
rings,0
Weltuntergang,0
Trumpf,1
konform,1
Sarkasmus,1
eklatant,0
Pagode,1
Breitband,0
Sog,1
Oberhaupt,0
Rückruf,0
Kleingeld,0
Schizophrenie,0
Outfit,0
Rosine,1
existent,0
Aggregat,0
fungieren,1
Sippe,1
Haltepunkt,0
Tombola,1
Leuchtmittel,0
Funktionalitäten,0
Exkurs,1
Filz,1
schwerbehindert,0
Nebenrolle,0
Faltblatt,0
Asteroid,1
Sozialverhalten,0
zittern,1
Mustang,1
Exot,1
Siegburg,0
Ekel,1
Fünfte,0
Outsourcing,0
resistent,0
item,1
Jade,1
Showdown,0
Klarinette,1
Transit,1
Gardine,1
Karies,1
Playoff,0
Esslöffel,0
Motel,1
Juso,1
Amulett,1
Freifläche,0
Wrestling,0
Zehntel,0
grinsen,1
Dunst,1
schrill,1
fischen,1
Psychose,1
lauwarm,0
Neoliberalismus,0
Feuerzeug,0
Curry,1
Mietrecht,0
Terminator,0
Pathos,1
Knöchel,1
Dingern,1
Kreide,1
Glühlampe,0
Ozon,1
sachgerecht,0
Cola,1
Echse,1
Bremsscheibe,0
Weltrekord,0
Rücksichtnahme,0
Kleinod,0
wiedersehen,0
Parzelle,1
Apokalypse,1
Gros,1
Hagel,1
Charité,1
Testosteron,1
Cello,1
Totschlag,0
Fortgang,0
grotesk,1
Diplomatie,0
midi,1
Sternwarte,0
Knick,1
Kollaps,1
Orthopädie,0
Detektor,0
Druide,1
chic,1
Schnorchel,1
libysch,1
segeln,1
Trunk,1
Python,1
Blogosphäre,0
Mango,1
Trank,1
Gardasee,0
publizieren,1
Nordhausen,0
Roulette,1
Arthritis,1
Originaltext,0
Glatze,1
postmodern,0
Philologie,0
Heilkraut,0
Charge,1
Konvent,1
Heilen,1
exquisit,1
Kür,1
Supertalent,0
rad,1
facettenreich,0
Fabel,1
Pflanzenschutzmittel,0
Selbstzweck,0
Brigade,1
Sperma,1
sonstwo,0
Zynismus,0
Freispruch,0
Pflaume,1
Mumie,1
Marxismus,0
Ehemalige,0
allzeit,0
allerhoch,0
Thymian,1
Attest,1
Neon,1
Kahn,1
Mietpreis,0
Innenbereich,0
Franchise,0
Peitsche,1
drohen,1
Baht,1
Lava,1
Fehlanzeige,0
Speichel,1
Gutmensch,0
Ballast,1
Melde,1
rechtens,0
partout,1
schmücken,1
Slip,1
Pentagon,0
siegreich,0
Zentralrat,0
Brisanz,0
Sparbuch,0
beieinander,0
Lauenburg,0
Markise,0
Matsch,1
paradox,0
Revolte,1
letztgenannt,0
Rotenburg,0
Leichte,1
profilieren,1
freigeben,0
Exekutive,0
wahrhaben,0
Achte,1
Motte,1
arbeit,1
Meute,1
Sowjet,1
Hauptursache,0
Kobold,1
Kiwi,1
Kapuze,1
suspekt,1
Speiche,1
Leim,1
Netzhaut,0
Standby,0
kindgerecht,0
Amerikanische,0
Humanismus,0
Weihe,1
schulen,1
Ambulanz,0
Ranch,1
Heuschrecke,0
hausgemacht,0
Marionette,0
Innenausbau,0
Zen,1
Grübeln,1
Freikarte,0
Furore,1
Fahrgestell,0
bohren,1
pflegeleicht,0
Zündkerze,0
Tanken,1
Pfand,1
Sinto,1
Eucharistie,0
Informieren,1
Coupon,1
Zwischenstand,0
Amazone,0
Chemo,1
Pendel,1
Miliz,1
Fördergeld,0
Hotspot,0
patch,1
Lesart,0
Hauptperson,0
solcherart,0
klitzeklein,0
Wohlwollen,0
Brockhaus,0
immun,1
Dattel,1
Tablett,1
Elektrogerät,0
fesseln,1
Posaune,1
Portugiese,0
Poet,1
Tempelhof,0
wett,1
Fön,1
Elle,1
Maiden,1
publik,1
Schlegel,1
Diele,1
dastehen,0
Inspektor,0
Europarat,0
offenbaren,0
Wettlauf,0
Neurologie,0
Porsche,1
Rohbau,0
Rühren,1
schnuppern,1
wahrgenommen,0
Sauerkraut,0
selbige,0
Sample,1
Hopfen,1
traut,1
Doppelpack,0
Nahe,1
Tesla,1
schlüpfen,1
Wehrdienst,0
Garn,1
Putsch,1
Shorts,1
Förderkreis,0
Macho,1
Delle,1
Gimmick,1
säubern,1
Maulwurf,0
kastrieren,1
Klingone,0
Perücke,0
Ebbe,1
zeitlang,0
reifen,1
Krabbe,1
chinesisch,0
blühen,1
Avenue,1
stillgelegt,0
Pflegekasse,0
Kniff,1
Deutschunterricht,0
Leiharbeit,0
Kastanie,1
Kroate,1
Würze,1
Nebensache,0
extravagant,0
Dock,1
Nostalgie,0
Metastase,0
Hochburg,0
Chanson,1
Chronologie,0
Großmacht,0
steril,1
Bürste,1
Turnen,1
Patriarch,0
Yard,1
Neubeginn,0
bloggen,1
Megawatt,0
Experimentieren,1
futsch,1
Emblem,1
Kompost,1
Karo,1
Adipositas,1
allergroß,0
Gourmet,1
meilenweit,0
Flosse,1
Lilie,1
Tran,1
Schwefel,1
Monographie,0
Juror,0
Galaxis,1
rauben,1
Epos,1
Yen,1
Vegane,1
Johannesburg,0
arrangieren,1
Innerste,0
Schwiegersohn,0
Badminton,1
seicht,1
Klinke,1
Lehrperson,0
reizen,1
Gassi,1
Neuron,1
Neunkirche,0
Eigene,0
Warnhinweis,0
Intellekt,1
Korpus,1
jammern,1
Wohnform,0
Pickup,0
kratzen,1
Playboy,0
Greis,1
Folklore,0
notieren,1
Pudel,1
fache,1
Margarine,1
Korsett,1
Tandem,1
Xbox,0
Trottel,1
ABS,0
Delikatesse,1
Rouge,1
hacken,1
Desinteresse,0
Kotzen,1
Bolzen,1
Ford,1
Toast,1
Sendezeit,0
Praline,1
Hoffen,1
Ratio,1
Lawine,1
Matrose,1
Pegasus,1
ringsum,0
Sopran,1
Phosphor,1
Fahrspaß,0
Fertighaus,0
Fritzbox,0
Steinmetz,0
Konsulat,0
lauthals,0
Rundschreiben,0
stiften,1
Giraffe,1
Impfen,1
Zeh,1
Allergen,1
Oberschicht,0
Hochdruck,0
Deutschland,0
Lernziel,0
Bummel,1
Sprössling,0
schwitzen,1
Amen,1
Adlige,1
Hörgerät,0
Rückbau,0
Newsgroup,0
heilsam,0
intensivieren,1
gegeneinander,0
Ackerbau,0
Kranich,1
Strähne,1
fortführen,0
Taille,1
Nanotechnologie,0
Bourgeoisie,0
strecken,1
Biochemie,0
Pult,1
ordern,1
Mucke,1
obendrauf,0
Schürze,1
desolat,1
Strudel,1
Superheld,0
Libero,1
Sheriff,1
Terminologie,0
Wohnmobile,0
toben,1
Laut,1
Privatschule,0
notgedrungen,0
Giebel,1
Tyrann,1
Hauptfach,0
Bloch,1
Nabe,1
Orakel,1
Imperator,0
Kontrabass,0
Zeitvertreib,0
Mindestbestellwert,0
schärfen,1
Harfe,1
nordöstlich,0
Feige,1
Himbeere,0
Basic,1
sonstwie,0
sau,1
konvertieren,1
Fehlgeburt,0
Audit,1
Rabbi,1
stemmen,1
naturbelassen,0
Wehe,1
festmachen,0
Ritzel,1
Klotz,1
Kajak,1
Caravan,1
Outen,1
Methan,1
Jesuit,1
zögern,1
Wink,1
Tropen,1
Installieren,1
Föhn,1
Hauptsponsor,0
Wechselspiel,0
Diskus,1
Privatleute,0
Wohngeld,0
spannen,1
Rep,1
Asiate,0
Lieb,1
Mediator,0
weltoffen,0
Hieb,1
Dad,1
Oberschule,0
Hausrat,0
Dürre,1
Außenseite,0
Trash,1
Großkonzern,0
Sketch,1
Steckbrief,0
Kribbeln,1
Kippe,1
Tuberkulose,1
Nebenstraße,0
Büchse,1
Backblech,0
Missgeschick,0
Achsel,1
biegen,1
Duden,1
Waschmittel,0
Sozialrecht,0
Merkzettel,0
Robe,1
zwischendrin,0
Share,1
Esstisch,0
schnappen,1
Kolleg,1
Lernort,0
Leck,1
Carport,0
Möwe,1
Torpedo,1
Flaggschiff,0
Reigen,1
Säge,1
Kurbel,1
selbigen,0
Kurator,0
Sehbehinderte,0
implizit,0
Ethanol,1
Strenge,1
Greifen,1
schimpfen,1
Kulanz,0
beiderseits,0
Reliquie,0
Schaufel,1
lüften,1
Füttern,1
halbieren,1
Knüppel,1
Sandale,1
Torf,1
Tram,1
Kohlensäure,0
Altenburg,0
Rennspiel,0
thematisieren,1
südöstlich,0
Mindestmaß,0
Kennen,1
Raute,1
Zauberspruch,0
MBA,0
Hörfunk,0
Chromosom,1
Sabbat,1
Hardcore,0
Katholizismus,0
Halde,1
Klonen,0
Gorilla,1
Barrel,1
Kruste,1
Knotenpunkt,0
kooperieren,1
Rückgriff,0
Lehrjahr,0
Lavendel,1
Hybride,1
Alexanderplatz,0
Kolonne,1
tolerieren,1
Champ,1
Mediathek,0
köpfige,0
krachen,1
Dackel,1
Mantra,1
Kloß,1
polar,1
Epidemie,0
Borreliose,1
Bordell,1
Feinstaub,0
Infrarot,0
blättern,1
Gladiator,1
Ode,1
Specht,1
Baseball,0
Selbstbild,0
Zenit,1
klopfen,1
Zitieren,1
Sprechzeit,0
Vereinigte,0
Prominenz,0
Caritasverband,0
distanzieren,1
Mähne,1
Teenie,1
Stehplatz,0
Königreiche,0
Lerngruppe,0
Meridian,1
blasen,1
Habe,1
explodieren,1
Popcorn,0
championship,0
Zwischenbericht,0
Pfahl,1
Tagebau,0
ASUS,0
Gänze,1
Renault,0
schmelzen,1
Puck,1
Kleingedruckte,0
wiederherstellen,0
Totalschaden,0
Wanken,1
Laus,1
Perfekt,1
Floß,1
Werbeartikel,0
Outlet,1
Background,0
formatieren,1
sagenumwoben,0
Bronchitis,1
Fetzen,1
Oben,1
Drängen,1
schlimmstenfalls,0
Bub,1
Zinn,1
Thunfisch,0
scheuen,1
Kirchheim,0
Physiologie,0
Rille,1
Tutor,0
Eigenanteil,0
Thermostat,0
Rinne,1
Mehraufwand,0
Papi,1
Lerninhalt,0
Emittent,1
Requiem,1
Xenon,1
Paddock,1
Monarch,1
schroff,1
fortgesetzt,0
Fresko,1
style,1
Heilmethode,0
Schelm,1
stopfen,1
Zicke,1
Aktivieren,1
Postulat,0
Wendel,1
Warendorf,0
köcheln,1
Jalousie,1
Contra,1
Regionalverband,0
Offizielle,0
Klarlack,0
plump,1
Vandalismus,0
Piazza,1
Schwarzarbeit,0
Metamorphose,0
Hurrikan,1
Originaltitel,0
modifizieren,1
Pudding,0
Livestream,0
Scannen,1
Soap,1
filtern,1
Minijob,0
renovieren,1
Chlor,1
Inferno,1
saufen,1
Assistenz,0
Grauzone,0
Gondel,1
vollbringen,0
Pizzeria,1
Neubaugebiet,0
Kodex,1
Bausparvertrag,0
LKW,0
jubeln,1
haften,1
zahm,1
Sirius,0
Werbezweck,0
Personalien,0
Kerbe,1
griffbereit,0
darunter,0
Schlaufe,1
Baracke,1
Hauptsaison,0
Liegeplatz,0
Alk,1
Pedelec,0
stramm,1
Bullshit,0
Selen,0
Pick,1
waagerecht,0
Voltaire,0
Neutron,1
altbewährt,0
pfeifen,1
Bastard,1
Operette,0
Rummel,1
Neuankömmling,0
Backware,0
Lehrbeauftragte,0
Hannoversch,0
Irrsinn,0
Phosphat,0
Prolog,1
pressen,1
Brise,1
Butt,1
Peeling,0
Empfehlen,1
vollenden,0
Sozialabbau,0
Jagen,1
Freilauf,0
Vehikel,1
Selbstkontrolle,0
Privatbesitz,0
Nymphe,1
Tragfläche,0
Melone,1
Debakel,1
Normale,0
Konvoi,1
herüber,0
Ballen,1
Rohkost,0
Obmann,0
heizen,1
Prügel,1
zwanzigst,0
flink,1
Krawall,1
Bleibe,1
boxen,1
about,1
Schreibmaschine,0
Hemmschwelle,0
Negativ,0
Literat,0
Uhu,1
Nationalhymne,0
Span,1
Fundamentalismus,0
Clone,1
reiben,1
Irrweg,0
Nomade,1
Sonderzug,0
frühstücken,0
Nebengebäude,0
Chaot,1
Reklame,1
Liegestuhl,0
Olympiade,1
Oberbegriff,0
Travemünde,0
Gleichgesinnte,0
Stadtverordnete,0
Plön,1
opulent,0
Gymnasiast,0
Weihbischof,0
neugeboren,0
autogen,0
Weihnacht,0
shoppen,1
Fehlpass,0
Sonderheft,0
automobil,0
Fördermaßnahme,0
Zentralverband,0
Drehscheibe,0
schneebedeckt,0
Solarmodul,0
Karussell,1
Ambivalenz,0
Gis,1
Fiskus,1
Lernerfolg,0
Bauplatz,0
Östrogen,0
forsch,1
Cafe,1
Tulpe,1
dunkelblau,0
provokant,0
Sonderschule,0
Heimkehr,0
Wedel,1
Champignon,1
Aargau,0
hellblau,0
Motorboot,0
Tatverdächtige,0
zweitgut,0
Pfirsich,1
Brennholz,0
selbstgebaut,0
Groll,1
kaschieren,1
Äquator,1
Lego,1
Whiskey,1
rausfinden,0
Schalten,1
Schliff,1
Rosengarten,0
Voß,1
Leitmotiv,0
allenthalben,0
profan,1
initiieren,1
Wonne,1
Wendland,0
Latex,1
Schlagloch,0
Kanarischen,0
AKW,0
Zwickmühle,0
Corps,1
Schweigepflicht,0
islamistischen,0
Dekret,1
Zocken,1
Raiffeisenbank,0
Nelke,1
Mahnwache,0
konkurrieren,1
Braunkohle,0
schnöde,1
Löschzug,0
Agens,1
Nebenfach,0
nähen,1
Eigenbedarf,0
wieweit,0
kart,1
Negative,0
Kleinbus,0
Blabla,0
Quarz,1
Spanne,1
relativieren,1
Viereck,0
Likör,1
herauf,0
Schippe,1
Kehrseite,0
Öse,1
Kachel,1
Saudi,1
Schwerbehinderte,0
Emulator,0
Selbstbehalt,0
Nylon,1
Zauberstab,0
Spreewald,0
Empore,0
Nehmen,1
immerzu,0
Billard,1
Kork,1
Mammut,1
Dekor,1
Jugendstil,0
Joystick,0
Gruft,1
langweilen,0
Symmetrie,0
Liege,1
Stack,1
Fremdeinträge,0
Trekking,0
Rundbrief,0
Revanche,1
Offerte,0
Känguruh,1
Affekt,1
Wehmut,0
Spyware,0
Judoka,0
Hamburgische,0
Gleichaltrige,0
Weekend,0
Hauptpreis,0
Requisit,1
hauchdünn,0
passgenau,0
Dominikanische,0
Quell,1
Diagonale,0
Mohn,1
Regent,0
Lesen,1
rüde,1
dürr,1
Palm,1
Steppe,1
Sondermodell,0
Referee,1
alteingesessen,0
Messlatte,0
plaudern,1
Backe,1
Hauptausschuss,0
Lehen,1
Vollnarkose,0
Schimpanse,1
Saldo,1
Leerstand,0
färben,1
Deutschlandradio,0
Konfirmand,0
mailen,1
streuen,1
flugs,1
Arabisch,0
Neuland,0
sehbehindert,0
Zack,1
Hockey,1
predigen,1
fügen,1
Cappuccino,1
Suhl,1
synchronisieren,1
regenerieren,0
Hackfleisch,0
Toben,1
Choreografie,0
Heulen,1
Guerilla,1
Tadel,1
Bö,1
Laube,1
Zweirad,0
Wohlgefallen,0
Biodiesel,0
Zivi,0
Rückspiegel,0
Knorpel,1
weitverbreitet,0
Jogi,1
taufen,1
Hockenheim,0
Pot,1
computergestützt,0
Bond,1
Kleinteil,0
Fallschirm,0
weiterleben,0
Strip,1
Mazda,1
eliminieren,1
beisammen,0
bass,1
Konstanz,0
Ruß,1
Graubund,0
Werbeform,0
kuscheln,1
Amor,1
Spirituose,1
Schwiegereltern,0
Pupille,1
Tracking,0
vorbehaltlich,0
Rundkurs,0
Raven,1
grillen,1
Luchs,1
booten,1
Fetisch,1
Quarantäne,1
dominieren,1
Sintflut,0
Haselnuss,0
Olymp,1
Loipe,0
Strafvollzug,0
artenreich,0
Flame,1
Romanze,1
Onkologie,0
Barrikade,1
Pharmazie,0
Videothek,0
Alumnus,0
Mehr,1
Lebendige,0
Phobie,0
Collie,1
stimmberechtigt,0
inszenieren,1
preisgeben,0
Lieferadresse,0
Christdemokrat,0
Bohren,1
Warze,1
Schlagen,1
Junkie,1
Schiebetür,0
klingeln,1
Tegel,1
Fregatte,1
altersbedingt,0
Rosa,1
Pute,1
Walnuss,1
Screening,0
Blonde,1
Paperback,0
Sujet,1
Heinrich,0
Flinte,1
wovor,0
servieren,1
vielmals,0
Glotze,1
Karawane,1
Orkan,1
managen,1
MfS,0
Badeort,0
Downloaden,0
Schlappe,1
kalkulieren,1
Streu,1
Hippie,1
Wiedereinstieg,0
orangefarben,0
Aktionismus,0
Sozialpädagoge,0
Kill,1
zeitlebens,0
Checkpoint,0
Snowboard,0
Höchste,0
Waise,1
Pfarre,1
Serpentine,0
instand,0
Puste,1
Fabrikat,0
Sud,1
Richtfest,0
Gaul,0
Äquivalent,1
Schanze,1
Leitplanke,0
Onlineangebot,0
feminin,1
Sozialplan,0
Razzia,1
hüpfen,1
Klatsche,1
Gynäkologe,0
Quere,0
Mac,1
Tätige,0
Zitadelle,1
Rüge,1
Watte,1
eignen,1
Fürbitte,0
Jakobsweg,0
köpfigen,0
Volle,1
Korrespondent,0
Ekzem,1
Feuchte,1
Trennwand,0
Folsäure,0
Oberlausitz,0
Pathologie,0
weiterfahren,0
Hochebene,0
Kochtopf,0
Pair,1
Fluglinie,0
dereinst,0
Reservat,0
Wasserburg,0
Rückbank,0
scheren,1
chatten,1
spalten,1
Rekrut,1
Pflegeprodukt,0
Disko,1
Direktbank,0
Möbelhaus,0
stürmen,1
Colonel,1
Reformator,0
Schilf,1
strukturieren,1
Dill,1
Fernost,0
Netiquette,0
marschieren,1
Exempel,1
Afghane,1
Nebenprodukt,0
abwärts,1
Reitschule,0
freigegeben,0
Sozialwesen,0
Backhaus,0
Langstrecke,0
Rennwagen,0
Filet,1
Deo,1
Fallout,0
Zehnte,0
Zipfel,1
Stumpf,1
Fahrpreis,0
altersgerecht,0
Libelle,1
gleichgesinnt,0
Brauhaus,0
isolieren,1
Parabel,1
frankreich,0
allererst,0
Pax,1
Pak,1
Reservoir,1
Nähmaschine,0
Rappen,1
Bange,1
fernsehen,0
bannen,1
Ellbogen,0
Tao,0
Paroli,0
hungern,1
kristallin,0
Rambo,0
Großfamilie,0
Positiv,0
Drill,1
repräsentieren,0
Sure,1
Außergewöhnliche,0
Trog,1
blenden,1
Amplitude,1
Rabatte,1
Halm,1
Alibi,1
Minarett,1
selbiges,0
Jammern,1
Logbuch,0
Alkoholismus,0
Styropor,0
Citroën,1
Veto,1
Servieren,1
Zwischenbilanz,0
Pöbel,1
Maria,1
Omen,1
Exzess,1
kühlen,1
Kantor,1
Enduro,1
obskur,1
Biokraftstoff,0
monoton,0
kristallklar,0
Zweibrücke,0
Ländereien,0
Ebenfalls,0
Zivil,1
Rubel,1
Lidschatten,0
Braune,1
land,1
Mailing,0
Limo,1
Top,1
anfangs,0
Rückleuchte,0
Balsam,0
XX,0
Allmacht,0
Disput,1
Relaxen,1
Meteorit,1
Notwehr,0
rosarot,0
mau,1
Flachdach,0
Paranoia,1
Scharia,1
Mahnbescheid,0
Roggen,1
Baguette,1
Ampulle,1
Stärkere,0
Estrich,1
Greif,1
Mache,1
Rumäne,0
raussuchen,0
Teint,1
Ärmste,0
kilometerlang,0
Sozialdienst,0
Fernrohr,0
Wirre,0
brach,1
wohlbehalten,0
orten,1
Hooligan,1
Mehrarbeit,0
Gamma,1
graben,1
würzen,1
hellwach,1
Prozedere,1
handgefertigt,0
fertiggestellt,0
Astrologe,0
Gleitschirm,0
Lila,1
Homöopath,0
Kripo,0
Haupthaus,0
obsolet,1
Hehl,1
Mutante,1
Salami,1
Hochsaison,0
Bankrott,0
Streichholz,0
Vagina,1
Routing,0
Riege,1
navigieren,1
Nahaufnahme,0
Fanatismus,0
siebent,0
Sitzecke,0
Politische,0
Fidel,0
Werbeanzeige,0
Suchwort,0
Finesse,1
Stunt,1
lokalisieren,1
Hochmut,0
Imperativ,0
Nichtmitglied,0
Kormoran,1
Voodoo,1
Kollektor,0
Knappe,1
klarstellen,0
Störfall,0
Friedrichstraße,0
Feigling,0
Drehort,0
Frühschoppen,0
strahlen,1
Zyste,1
frischgebacken,0
Slalom,1
Ahorn,1
Stuhlgang,0
Saalfeld,0
Ladefläche,0
Machart,0
Lauch,1
Kaff,1
Größere,0
Flirten,1
Pardon,1
Schweif,1
reinschreiben,0
Badesee,0
relaxen,1
Rundweg,0
Magersucht,0
würfeln,1
euere,0
sichten,1
Fernverkehr,0
Lumen,1
Passus,1
schweifen,1
Steilküste,0
Superintendent,0
Lesestoff,0
Lesegerät,0
verloren,1
unbeschadet,0
Prisma,1
Hörprobe,0
Ammoniak,1
Langenfeld,0
Sodbrennen,0
Memoiren,1
Ekstase,0
Wacke,1
Schießstand,0
Mindeststandard,0
Dirndl,1
Popo,1
Pampa,1
Ave,1
Kuhle,1
Marienkirche,0
Fromme,0
Schwächere,0
Wabe,1
Inkompetenz,0
Kommode,1
Rezipient,0
potent,0
Konsul,1
dagewesen,0
Pflug,1
Deutschlandfunk,0
Korps,1
Sinus,1
Teen,1
Pflegefamilie,0
fokussieren,1
Eigenbetrieb,0
Normalerweise,0
Kortison,1
Milz,1
Blaulicht,0
Rolex,1
gläsernen,1
Bowling,0
Brummen,1
innerdeutsch,0
sooft,0
Rückschau,0
Prost,1
Tollwut,0
kriechen,1
Streaming,0
Schlacke,1
Maut,1
Marinade,1
Reif,1
Irrglaube,0
Ethnologie,0
Burghausen,0
Flachbildschirm,0
Wohlfahrt,0
Vollidiot,0
Schwimmbecken,0
Kacke,1
Topographie,0
Warenhaus,0
Originalausgabe,0
Mehrzweckhalle,0
willens,0
dünsten,1
Suchfeld,0
joggen,1
Rothschild,0
zeugen,1
Sonate,1
Außenhandel,0
Faible,1
seitlich,0
jäh,1
Badehose,0
Ironman,0
Cast,1
Wuchs,1
Rücklauf,0
Konvergenz,0
Schläfe,0
Mischpult,0
Weiterkommen,0
Kingston,0
Minze,1
zuwider,0
Kakadu,1
Taxe,1
Raffinesse,1
Sozialverband,0
Ska,1
Leichtathlet,0
reproduzieren,1
Neueste,0
schmuck,1
Reithalle,0
Fernwärme,0
Sparpaket,0
widerspiegeln,0
hochinteressant,0
Weitsicht,0
vollauf,0
Trainieren,1
Tora,1
Quintett,0
Weitblick,0
Amsel,1
Zivilrecht,0
Horst,1
Nemesis,1
Rundflug,0
Dickdarm,0
Steinfurt,0
Thrombose,0
menschenrecht,0
Stratege,1
Mikrophon,0
Elektrosmog,0
Euthanasie,0
Gusto,1
Schaukel,1
baugleich,0
Telegramm,0
Pacht,1
Frühgeschichte,0
Lehrauftrag,0
Planspiel,0
Frühzeit,0
Liegewiese,0
Trockene,0
Spaten,1
test,1
Machwerk,0
Vignette,1
dunkelbraun,0
Substantiv,0
Evidenz,0
Drüse,1
Exzellenz,0
Klon,1
Diaspora,1
berg,1
Freundliche,0
Schneide,1
Nut,1
Südsee,0
ton,1
Mofa,1
Fortschreiten,0
Dickicht,1
Scheiterhaufen,0
Ueber,1
Scholle,1
Feuchtgebiet,0
charakterisieren,1
Qualm,1
okkult,1
Marschall,1
Lehne,1
Zaubern,1
Ketchup,1
Sozialfonds,0
Amok,1
Souverän,1
Glosse,1
Wählen,1
Maizière,0
Wandertag,0
Chakra,1
Selbstversuch,0
Mordfall,0
Selbstverlag,0
ueberhaupt,0
Scan,1
Stuck,1
Fis,1
Werfen,1
Lamelle,1
Luftschiff,0
Burgdorf,0
Leihwagen,0
Segelschiff,0
Bitburg,0
weltgut,0
Lid,1
Walke,1
Kuckuck,1
Mecklenburgische,0
daselbst,0
Mops,1
überhand,0
Klerus,1
Toto,1
rigid,1
Megabyte,0
missglückt,0
Sachkunde,0
synonym,0
fernhalten,0
Büste,1
Broadway,0
Corpus,1
Lackieren,1
Totalausfall,0
Bremsbelag,0
Hochdeutsch,0
Privatdetektiv,0
Feingefühl,0
Zentralstelle,0
hochentwickelt,0
streifen,1
Lieferservice,0
Dip,1
Tarot,1
hocken,1
Semmel,1
Kokosnuss,0
Rücklicht,0
Velo,1
Biß,1
Warp,1
CV,0
Lemming,1
Vollbild,0
Dogge,1
Komplize,1
Großbank,0
Holweide,0
fad,1
Deut,1
dazukommen,0
krankheitsbedingt,0
kapieren,1
Werbemaßnahme,0
Ampere,1
Wiki,1
Bademantel,0
Irakkrieg,0
sicherheitsrelevant,0
Golem,1
Jungvogel,0
Fränkische,0
Hausen,1
Triathlet,0
Heilkraft,0
Helle,1
Zapfen,1
nonstop,0
perfide,1
Barren,1
artikulieren,1
Nashorn,0
Adelige,0
Tippen,1
Drift,1
Bonsai,1
Serviette,0
Frisör,0
Millisekunde,0
Yogi,1
Eigeninteresse,0
Fenchel,1
frühmorgens,0
Digitaldruck,0
hochgeladen,0
Fahrstil,0
Kenntnisnahme,0
minutenlang,0
Glückliche,0
Showroom,0
Reichenhall,0
ruinieren,1
knallen,1
Bindestrich,0
Limes,1
Quintessenz,1
Hochglanz,0
Stocken,1
Teamwork,0
Kreml,1
irgendwohin,0
fragil,1
Usenet,0
Leihgabe,0
Fließband,0
Präses,1
Exodus,1
Kalif,1
rocken,1
basieren,1
Schmach,1
dargelegt,0
quatschen,1
Badestrand,0
schrumpfen,1
Scharfschütze,0
Engagierte,0
kandidieren,1
Sehne,1
Quicktipp,0
Selbstschutz,0
Knacken,1
Tippspiel,0
Großchance,0
Shell,1
pumpen,1
weihnachten,0
Lernprogramm,0
Skrupel,1
Keil,1
Vlies,1
statten,1
weiterspielen,0
Wiederanpfiff,0
Esche,1
Boogie,1
deinstallieren,0
Koexistenz,0
vollzogen,0
Büffel,1
Humbug,0
punktgleich,0
Onlinespiel,0
Kastell,1
schiefgehen,0
ineinander,0
Spätherbst,0
schlachten,1
Cholera,1
bange,1
Kompaktkamera,0
Zwischenrunde,0
mildern,1
Initiale,0
achtsam,0
glas,1
Förderbedarf,0
stornieren,1
Schlips,1
Notstand,0
wickeln,1
Meldepflicht,0
Pump,1
Sole,1
Schreiberling,0
Hypertonie,0
Hauptbestandteil,0
Bollwerk,0
Indigo,1
Coast,1
stricken,1
breitgefächert,0
ahoi,1
ambivalent,0
Silberling,0
Vibrator,0
Aprikose,1
forcieren,1
Klatsch,1
Bioenergie,0
Fries,1
Klopfen,1
Neuschnee,0
Tempomat,0
Neukirche,0
Dezernat,0
Zeigen,1
Wohngruppe,0
vierfach,0
Kümmel,1
Reine,1
Altdorf,0
Debut,1
Nike,1
Fremdenverkehr,0
Email,1
Tarzan,1
Flachland,0
losfahren,0
Salve,1
modernisieren,1
Konkrete,1
Säbel,1
Fötus,1
althergebracht,0
Transformator,0
Persönliche,0
Sofortkredit,0
Patron,1
diagnostizieren,1
Lateinische,0
pausieren,1
Kurzstrecke,0
Sozialabgabe,0
stubenrein,0
zollen,1
selbstgebacken,0
Schiedsgericht,0
Klebefolie,0
Karzinom,0
amüsieren,0
Katakombe,1
Billigflug,0
Korken,1
Sperrmüll,0
Freestyle,0
Chávez,0
Süßstoff,0
Karosse,1
Ethos,1
Kartell,1
Algebra,1
ominösen,0
Miet,1
Gülle,1
Spreu,1
Sterbliche,0
revidieren,1
rumstehen,0
Rack,1
Paddel,1
klarmachen,0
Oktave,0
Radiologie,0
Falsch,1
Noppen,1
segnen,1
signalisieren,1
Privatrecht,0
Leitzins,0
Elberfeld,0
Rücksitz,0
Hochbau,0
Nieselregen,0
express,1
Spätfolge,0
Ebenbild,0
Osmanische,0
Tonband,0
Rheingau,0
Schiss,1
paranoid,1
stattgefunden,0
Fehlschlag,0
Konkurenz,0
Tümpel,1
Meteor,1
Pyrenäen,0
Pattern,1
bluten,1
Mehreinnahme,0
feuerverzinkt,0
Komplettpaket,0
Kuscheln,1
Hochlade,0
wieder,1
Domino,1
frieden,1
adult,1
Briefing,0
Braun,1
Jura,1
Nabel,1
Chatten,1
Marihuana,1
schmieren,1
legitimieren,1
Obere,0
brilliant,0
Nanopartikel,0
Jump,1
Laub,1
Fluid,1
Hörensagen,0
Dämmstoff,0
Schminke,1
Hirse,1
Sirup,1
Hagen,1
Halbwissen,0
meistverkauft,0
misslungen,0
Kali,1
Grünland,0
Reinfall,0
Lazarett,1
Retrospektive,0
rütteln,1
mund,1
Biopsie,0
Radeln,1
Streichquartett,0
Nationalteam,0
Giro,1
Osterode,0
Nullpunkt,0
Freiland,0
spülen,1
Doppelpost,0
Inkontinenz,0
Selbstzweifel,0
wetterfest,0
Weltcup,0
Influenza,1
Ufo,1
Biedermann,0
Sherry,1
Lehrangebot,0
Stalingrad,0
Kontrakt,1
pikant,0
Nitrit,1
Schriftstellern,0
Neupreis,0
Huepfburg,0
Jackpot,0
wirtschaften,0
Holde,1
Fahrweg,0
Stellwerk,0
Werbefläche,0
Nomen,1
Farn,1
Muskat,0
Rektorat,0
Chalet,1
Dress,1
Brezel,1
penetrant,0
Nützliche,0
fettarm,0
Silo,1
Müssen,1
Almosen,1
Lektorat,0
Klettersteig,0
astrein,0
kleiden,1
Arteriosklerose,0
Visite,1
Dummy,1
Flaute,1
Schwinge,1
Motherboard,0
Duschgel,0
Wohnumfeld,0
simultan,1
Deadline,0
Brunch,1
Aubergine,0
Pelle,1
Hesse,1
kreuzen,1
kreisen,1
Rank,1
Lesebuch,0
Menschliche,0
bürgerschaftliches,0
Piktogramm,0
lapidar,1
Rolli,1
Scala,1
Neuburg,0
hierhin,0
Hacke,1
Flamenco,1
Nissan,1
Scherge,1
Höchstbetrag,0
Alltägliche,0
konsistent,0
Barde,1
Vespa,1
Bunny,1
Pumps,1
klarkommen,0
Vize,1
startklar,0
Schönere,0
Longe,0
spröde,1
Nutte,1
Scheitel,1
tendieren,1
Heizsystem,0
umhin,0
Chaussee,1
valide,1
ranghoch,0
Schalotte,1
punktgenau,0
nötigenfalls,0
Mietspiegel,0
streben,1
Hack,1
zielen,1
Punch,1
Klumpen,0
Inhaftierte,0
werktags,0
harsch,1
Drehgestell,0
Ruhr,1
ess,1
Shiatsu,1
Engelch,0
reinziehen,0
Konserve,1
Heilkunde,0
Broken,1
Pinnwand,0
Nette,1
Amalgam,1
Mikrokosmos,0
braten,1
pushen,1
Platt,1
Brunsbüttel,0
Bohrloch,0
konfrontieren,1
Archipel,1
hetzen,1
Lunch,1
kundtun,0
infizieren,1
Arbeiten,1
Nulltarif,0
Bodyguard,0
Gynäkologie,0
frieren,1
Limonade,0
Mongole,1
Spezialeffekt,0
Wiederstand,0
Patriarchat,0
Meckern,1
Eigenleben,0
Edle,1
Sühne,1
Rottenburg,0
Welthandel,0
Hegemonie,0
Fundraising,0
festsetzen,0
Glatteis,0
desgleichen,0
Qigong,0
eis,1
Sozialkompetenz,0
Schlinge,1
kicken,1
Kratzen,1
speisen,1
reinkommen,0
Piccolo,1
Meise,1
Fock,1
Minigolf,0
Neige,1
Tantra,1
Migros,1
Werbeplatz,0
weiterarbeiten,0
praxisbezogen,0
Spindel,1
Axiom,1
Schlampe,1
Salto,1
Gicht,1
Trockenzeit,0
Sekret,1
Kuppe,1
Manta,1
Bariton,1
Nebensaison,0
Milde,1
Pinzette,1
Chamäleon,1
Schlick,1
dazugelernt,0
neigen,1
Landeplatz,0
Pulle,1
Hantel,1
Steinkohle,0
zünden,1
Savanne,1
Badegast,0
schwanken,1
Kardiologe,0
Hochgebirge,0
Plexiglas,0
metallic,0
Doppelpass,0
glasklar,0
Tequila,1
rausbringen,0
Kolonialismus,0
Kleinkram,0
Automatismus,0
seitwärts,0
radeln,1
Wohnküche,0
wiewohl,0
Schwimmhalle,0
Koloss,1
Skinhead,0
Paradoxon,0
Rennsport,0
Eklat,1
Dummkopf,0
Bohrmaschine,0
Griechische,0
Allgemeinwissen,0
Pflegefall,0
Leuchtkraft,0
Sägewerk,0
Schönfeld,0
Äon,1
Steroid,1
handgemacht,0
Saufen,1
Privatdozent,0
ferne,1
Blackout,0
sachte,0
Steig,1
Leuchtdiode,0
Hauptanliegen,0
Fiasko,1
Psychopath,0
Schlepptau,0
Suchwerkzeug,0
Rückwärtsgang,0
Aerobic,0
junior,0
Sammelstelle,0
Konzentrat,0
Brüderle,0
mancherorts,0
Katechismus,0
Kontra,1
weiland,0
Hemisphäre,0
Vogelsang,0
Redundanz,0
Nationalbibliothek,0
Eigengewicht,0
Stele,1
hehr,1
Pflegeeltern,0
immergrün,0
Sozialkasse,0
Titte,1
moderieren,1
lasch,1
Querverweis,0
Sozialgeschichte,0
ruckzuck,0
Tofu,1
Sari,1
kreisrund,0
Rolltreppe,0
Rüstzeug,0
Junghund,0
Granulat,0
Vietnamkrieg,0
maschine,1
PVC,0
retour,1
Phishing,0
Marzipan,1
spinnen,1
Sonderwunsch,0
Hüpfburg,0
Handschuhfach,0
grottenschlecht,0
topfit,0
Regionalgruppe,0
Wahrnehmen,0
Opel,1
Faso,1
Bürde,1
Psi,1
Goalie,1
Häme,1
Partisan,1
konsultieren,1
Fehlstelle,0
dein,1
stereotyp,0
Biennale,0
Hanseat,0
Selbe,1
Düngemittel,0
trauern,1
Kardiologie,0
Junggeselle,0
Minispiel,0
Marienplatz,0
Blöße,1
Wiederaufstieg,0
Peso,1
Neuaufbau,0
uebrigens,0
haargenau,0
Progress,1
dergestalt,0
Schopf,1
neugegründet,0
irritieren,1
Wettfahrt,0
Evergreen,0
Sphinx,1
feuern,1
Pfau,1
jahrhundertealt,0
reinhören,0
Parmesan,1
Grizzly,1
Außenspiegel,0
Apollo,1
Passen,1
leeren,1
Schmelz,1
Weitwinkel,0
schmälern,1
Wichtel,1
Kartusche,0
konkretisieren,1
Dülmen,1
übereinander,0
dringen,1
Zweitplazierte,0
pinkeln,1
Boje,1
Sparplan,0
Efeu,1
Konjunktiv,0
Wohnbau,0
Außenstand,0
Habitat,0
Puff,1
Offset,1
Bingo,1
Merle,1
Nirvana,1
Krähe,1
Nationalbank,0
Samt,1
Fact,1
Stör,1
flirten,1
Strobel,1
maligne,1
Malz,1
delikat,1
lecken,1
Plausch,1
Paragraf,1
Sekundarschule,0
Großbuchstabe,0
transgen,0
Querformat,0
Lux,1
Essverhalten,0
klamm,1
Nebensatz,0
Blankenburg,0
Fratze,1
krebskrank,0
Eigenmittel,0
Sightseeing,0
Leitgedanke,0
Faksimile,0
Werbegeschenk,0
remis,1
Originalzustand,0
fortfahren,1
Mephisto,1
Leuchtstoffröhre,0
Dreiländereck,0
Borusse,1
Ruckeln,1
Freuen,1
Exposé,1
Althaus,0
Supermacht,0
Milligramm,0
Spiritus,1
Capitol,1
Mascara,1
Cabriolet,1
Oberklasse,0
Oberstdorf,0
Knie,1
Paradox,0
viertens,0
Hohe,1
Schwarzmarkt,0
alledem,0
ferngesteuert,0
Bacon,1
kauen,1
Mangold,1
Studi,1
Gote,1
Drops,1
taugen,1
Galgen,1
Stillzeit,0
Schalthebel,0
allerorten,0
Lore,1
Spitz,1
Bodden,1
Zivilsenat,0
Fangen,1
Referendariat,0
glätten,1
Peanuts,0
Dharma,1
Agieren,1
Selbstbau,0
Yeti,1
Zwischensequenz,0
Höchststand,0
labil,1
Scheffel,1
Koks,1
konstatieren,1
Mainstreaming,0
Nötigste,0
Neuhausen,0
Multitasking,0
Hauptgericht,0
Platzen,1
Guppy,1
XL,0
interagieren,1
worunter,0
Spüle,1
Heizkessel,0
Selbstanzeige,0
Multitalent,0
Dietrich,0
Wechselstrom,0
zweithoch,0
Fördern,1
Nationalelf,0
DL,0
Elfenbeinküste,0
tilgen,1
Flandern,0
Querflöte,0
Regularien,0
Halbleinen,0
Gaudi,0
restaurieren,1
Maestro,1
Zwiespalt,0
improvisieren,1
Frühe,0
Neuware,0
Schönstatt,0
Hitparade,0
Komplexe,0
Spesen,1
Bronchie,0
schrott,1
Zacken,1
reformieren,1
kontern,1
Höhere,0
Seraph,1
Tropf,1
Nahost,0
schmieden,1
Freigang,0
His,1
falten,1
Oberhof,0
Bolzplatz,0
Klingel,1
Hupe,1
Pharmakonzern,0
Kultus,1
Breme,1
Privatvermögen,0
Heben,1
bangen,1
Katamaran,1
Globulus,1
Rohöl,0
Bolide,1
originalgetreu,0
Notwendige,0
Medusa,1
Leerstelle,0
Fahrkomfort,0
Leichtgewicht,0
rausgehen,0
Mörtel,1
Eiland,0
Bürokrat,0
Hightech,1
Rechnungshof,0
Zögling,0
Trüffel,1
vollbesetzt,0
Thermalbad,0
Supernova,0
Freikirche,0
Grobe,1
Kolonialzeit,0
Parodontitis,0
Eichsfeld,0
Sichern,1
Möchtegern,0
Patrouille,1
Habitus,1
Allerwerteste,0
Rennbahn,0
langgezogen,0
konzipieren,1
Messverfahren,0
Preuß,1
Ignorieren,1
Omnibus,0
Kurztrip,0
Garaus,0
futtern,1
Steckling,0
Fahrgeschäft,0
detailreich,0
Superior,0
CX,0
Halbsatz,0
trendy,0
Senke,1
Spross,1
Deutschkurs,0
komponent,1
Disziplinarverfahren,0
Apartheid,0
Murks,1
frank,1
Handelnde,0
Doppelschlag,0
Ich,1
Pappel,1
Fortuna,1
medikamentösen,0
Restaurator,0
weiterkommen,0
Stöhnen,1
Listing,0
Etikette,1
Spezi,1
Kehlkopf,0
neudeutsch,0
Kaskade,1
Stecken,1
münden,1
dazugehören,0
hochbegabt,0
Selbstmitleid,0
Rüssel,1
Wohnblock,0
Außengelände,0
Fernreise,0
Synapse,1
Prälat,0
Wohnviertel,0
Karaoke,1
Eschweg,0
Fernweh,0
Johannisbeere,0
Kamille,0
Schlich,1
Löschgruppe,0
feilen,1
Flamingo,1
Fahrdienst,0
schwören,1
Figaro,0
Utopia,1
Bunte,0
Denkansatz,0
kontrastreich,0
spiegeln,0
Drossel,1
Gleichstrom,0
lockern,1
blocken,1
Brombeere,0
Rekurs,1
weiterentwickelt,0
ellenlang,0
Mannheim,0
Sonderform,0
solchermaßen,0
Nahbereich,0
Edelmann,0
Empfangen,1
Zweitstimme,0
Schiit,0
Kühle,1
besser,1
Sortieren,1
Hypertext,0
Zählen,1
Fehl,1
manifestieren,1
deklarieren,1
Oberkante,0
Eidechse,1
komponieren,1
grübeln,1
schüren,1
goldbraun,0
Polygon,0
Gründerzeit,0
leadership,0
Kruzifix,1
Schreckliche,0
Förde,1
Impfschutz,0
Nippel,1
profund,1
Krem,1
Kantate,1
Vasall,1
Repressalie,0
Krake,1
Störenfried,0
weiterbilden,0
Pascha,1
Koje,1
automatisieren,0
Spazierengehen,0
grenzen,1
Pantheon,1
Pipi,1
Aas,1
Kürzere,0
Zisterne,0
Ferndiagnose,0
Rauswurf,0
Schlund,1
stolpern,1
Stimmberechtigte,0
Diesseits,0
Lasse,1
Krümmel,1
bleich,1
Drittland,0
Industrielle,0
Schmalz,1
Frischluft,0
reklamieren,1
miserablen,0
Garnison,1
Lehrgeld,0
Toshiba,0
standesgemäß,0
festgeschrieben,0
schmökern,1
Schlupfloch,0
Aphorismus,0
Publicity,0
Standarte,0
Kelle,1
maß,1
Schlafengehen,0
Stillschweigen,0
Cognac,1
Fehlzeit,0
koronar,0
Scharlatan,0
Lithographie,0
Störfaktor,0
tausendfach,0
Wok,1
hoteleigen,0
Spazieren,0
Bypass,0
Pflegefachkraft,0
Kitt,1
Haschisch,1
Kaste,1
Boese,1
rasen,1
Harn,1
hochfrequent,0
Badeurlaub,0
Randale,0
bändigen,1
Höchstwert,0
Pornographie,0
Neukauf,0
Stuss,1
Lerneffekt,0
Kutte,1
Pädophil,0
Avocado,1
Drittmittel,0
Aikido,1
polieren,1
Fastnacht,0
Kronprinz,0
Halleluja,1
bronzen,1
Chorus,1
Pogrom,1
Karat,1
Transzendenz,0
Krempel,1
Textilindustrie,0
Fichtelgebirge,0
Kleingarten,0
Brainstorming,0
Saphir,1
Dekadenz,0
Kugelstoßen,0
ganztags,0
Skateboard,0
Psoriasis,0
Rosenmontag,0
Soltau,0
Asbest,1
jahrhundertelang,0
Wohngegend,0
Nichtwissen,0
Heli,1
stand,1
adoptieren,1
Tunika,1
Neurose,1
Glukose,1
sinnvollsten,0
Intermezzo,0
Frischkäse,0
dunkelrot,1
deckungsgleich,0
wöchigen,0
Obergericht,0
Sonett,1
Schiebedach,0
Sichel,1
Metropolis,0
Findling,0
Großbetrieb,0
Elektrolyt,0
traditionsgemäß,0
krude,1
Outback,0
Frohsinn,0
Langzeitstudie,0
Werbeeinnahme,0
Feinschliff,0
trägst,0
Athlon,0
prügeln,1
suggerieren,1
Regionalverkehr,0
Pflegekind,0
wischen,1
Normalo,0
keck,0
allezeit,0
Rolladen,0
Bor,1
Birkenfeld,0
Sondervermögen,0
naturgegeben,0
Morphologie,0
Lernstoff,0
Alchemie,0
Stottern,1
Schließfach,0
Schnellste,0
widersetzen,0
Kaiserstuhl,0
Stigma,1
Falkensee,0
Pelikan,1
Muttergottes,0
Hau,1
kneten,1
Auditor,1
Obelisk,1
Typografie,0
Schwenk,1
Pharmaunternehmen,0
Selbstironie,0
nichtlinear,0
Missgunst,0
Grünzeug,0
Diorama,1
dörflichen,0
Safran,1
Offenstall,0
Neuausgabe,0
Briefkästen,0
Frischling,0
Tumult,1
Hauptrunde,0
Prosecco,1
Banjo,1
Hauptort,0
Parallelwelt,0
Oppositionelle,0
knabbern,1
kontra,1
Präambel,0
Drohne,1
großangelegt,0
Lustige,0
deinerseits,0
Rezidiv,0
Sendeplatz,0
Waagschale,0
Polarkreis,0
Mühlheim,0
Meteorologe,0
Machbare,0
hochgelobt,0
Knicks,0
Trauernde,0
Kauen,1
Föderalismus,0
Sofortmaßnahme,0
heilfroh,0
Skalpell,1
Cyberspace,0
Attitüde,1
Warten,1
Cellulite,1
Eiffelturm,0
Dialyse,1
Brillanz,0
Kropf,1
Inquisitor,0
schultern,1
Bremsweg,0
Marquis,1
Legislative,0
Torgau,0
Bummeln,1
Querele,1
Waldsee,0
Zölibat,1
Suchbox,0
Brache,1
spielstark,0
Mediamarkt,0
Dünndarm,0
Halbkreis,0
Lauge,1
büßen,1
langersehnt,0
Sechste,0
Knödel,1
rekrutieren,1
Markieren,1
Steilhang,0
Kubus,1
Privatbank,0
kohärent,0
Kiesel,1
Stummfilm,0
WG,0
visualisieren,1
ignorant,0
Fehlalarm,0
mundtot,0
klemmen,1
kultivieren,1
konfus,1
Trainee,1
Trickfilm,0
Leica,0
hocheffizient,0
Englischunterricht,0
Zoff,1
Gram,1
Papyrus,1
Sauen,1
Formulieren,1
Phänomenologie,0
Nonsens,1
Grundsätzliche,0
rauslassen,0
probat,0
Kahlschlag,0
Pflegeberuf,0
Salzsäure,0
Mess,1
Wanderkarte,0
wackeln,1
schnuppe,1
säen,1
Photograph,0
Privatpatient,0
Weißabgleich,0
hof,1
Spanische,0
waschecht,0
Kurznachricht,0
Dezibel,1
rasieren,1
Cyborg,0
Buß,1
Sperrzeit,0
Bratkartoffel,0
Bolle,1
Squash,1
salopp,1
Haiku,1
portugiesisch,0
Manschette,1
Interlake,0
Brügge,0
Edelweiß,0
brüllen,1
Ara,1
Bumerang,1
Augenblicks,0
scannen,1
dosieren,1
Münden,1
Oboe,1
Attila,1
lebensgroß,0
Hedgefonds,0
Allegorie,0
wasserfest,0
Rüttgers,0
Schweißen,1
Mixtape,0
Halbe,1
fürwahr,0
wahrheitsgemäß,0
Sehvermögen,0
Protektor,0
Schnellstraße,0
Sarkophag,1
Wanderfreund,0
Kleinbetrieb,0
Neufahrzeug,0
Fanta,1
löten,0
Springbrunnen,0
Freiflug,0
Weißbrot,0
Schneesturm,0
Gutdünken,0
Happen,1
grenznah,0
spezialisieren,1
Bajonett,1
Retina,1
Rotz,1
kloppen,1
Pflegemittel,0
Saab,1
Fuhre,1
Drilling,1
dämpfen,1
Leichtbau,0
Franc,1
Schräge,0
Konstruktivismus,0
Individualverkehr,0
Klaps,1
redundant,0
hegen,1
Glätte,0
Mamma,1
Fahrstreifen,0
Interferenz,0
gläserne,0
Fracking,0
metallen,0
Kühlsystem,0
hierher,1
Innenwand,0
Humus,1
Essbereich,0
Sonderrecht,0
Älterwerden,0
parieren,1
Polyp,1
plattdeutsch,0
Schiedsrichtern,0
wühlen,1
Royale,0
Organisieren,0
Fete,1
Plauderecke,0
Tussi,1
Schneidezahn,0
archivieren,1
trotzen,1
Hebebühne,0
Duschbad,0
firmeneigen,0
Wachmann,0
Schund,1
Portland,1
Overall,0
Schnupperkurs,0
Hades,1
steuerbegünstigt,0
Stabilisator,0
Eigennutz,0
Lethargie,0
Ouvertüre,1
Survey,1
Turnus,1
schizophren,1
Zitrusfrucht,0
Qualle,1
Italienische,0
Politologe,0
Strafsache,0
Flak,1
Russische,0
Kuvert,1
Zwischenschritt,0
Kleinarbeit,0
Süchtige,0
Molekulare,0
Zentralkomitee,0
Loft,1
attackieren,1
Schaltkreis,0
Kleben,1
wärmen,1
Drittstaat,0
Trinkflasche,0
Leitartikel,0
zutage,0
Fixkosten,0
Inzucht,0
Dissident,0
Taifun,1
Gulasch,1
Werbekunde,0
Werbetrommel,0
Schaumburg,0
wiedergegeben,0
pennen,1
Regieren,1
Isotop,0
Sprengsatz,0
Moskito,1
Ulme,1
hipp,1
themenbezogen,0
lästern,1
nutz,1
Lehrinhalt,0
Halbgott,0
les,1
schleichen,1
Lösegeld,0
Atlantikküste,0
Feine,1
Hornisse,0
Sharing,0
Piranha,1
Biegen,1
Mischform,0
Mähre,1
Sammelbegriff,0
formschön,0
Schlupf,1
Mikrobiologie,0
Großformat,0
Fehltritt,0
Supervisor,0
Hufeisen,0
Primus,1
Intensivkurs,0
Pandemie,0
demontieren,0
rosafarben,0
Habicht,1
Rahm,1
Originalgröße,0
hochfahren,0
Büffet,1
altern,1
Scientologe,0
Rosette,0
Fachfrau,0
resultieren,1
ebnen,1
Fertigprodukt,0
Bonaparte,0
lichtdurchflutet,0
Immunabwehr,0
Bausch,1
allerorts,0
Schlittschuh,0
PKW,0
blinken,1
Krypta,1
Armada,1
Knirps,1
massieren,1
wehen,1
Fahrstunde,0
Akquise,0
Kriminalfall,0
Suchdienst,0
Knauf,1
Hattrick,0
Liegefläche,0
Pflegegeld,0
Telegraph,0
Polyamid,0
Smaragd,1
gleichauf,0
Zarge,1
Wanderschuh,0
neutralisieren,1
Adelaide,0
Brokkoli,1
runtergeladen,0
Topos,1
Freibrief,0
partizipieren,1
Flach,1
Bare,1
Lötstelle,0
Grauton,0
Kurzbericht,0
immanent,0
Pulp,1
Wanze,1
koppeln,1
Hochfahren,0
Kollekte,0
Wertheim,0
Mol,1
Schwefelsäure,0
insolvent,0
klatschen,1
rahmen,1
Escort,1
Lachanfall,0
Binde,1
Fasan,1
wildfremd,0
Totalitarismus,0
honorieren,1
Halbmond,0
Assassine,0
Plattenbau,0
Prüfverfahren,0
Insektizid,0
Native,0
Hämorrhoide,0
Prüm,1
Nicken,1
selbstgebastelt,0
Nährwert,0
Rechtschreibreform,0
Allerheiligen,0
Bresche,1
feststehen,0
akkurat,0
Kontrapunkt,0
Wessi,0
Audienz,1
Mühldorf,0
Fördermitglied,0
bürgerschaftlichen,0
Tagesstätte,0
Denkschrift,0
Fressnapf,0
Plaque,1
Eskimo,0
Degen,1
Meteorologie,0
diskreditieren,0
dehnen,1
Typologie,0
Hauptinhalt,0
Werbestrategie,0
Schwarzkopf,0
Schnellschuss,0
Oberstaatsanwalt,0
Steinfeld,0
Checkbox,0
Darmstadt,0
langen,1
Neuenburg,0
Wiederkunft,0
musizieren,1
Fehlkauf,0
transformieren,1
obszön,1
XXX,0
Dinkel,1
Archetyp,0
Pantomime,1
Kölle,1
Makrele,1
Posse,1
Kinesiologie,0
Krüppel,1
Reitplatz,0
hemmen,1
Lund,1
Schadsoftware,0
Starkregen,0
Buntstift,0
Hochtief,0
Tross,1
schminken,1
Lötkolben,0
Henkel,1
Elektroantrieb,0
Nationalfeiertag,0
Originalton,0
Heilberuf,0
Schonzeit,0
Weißenfels,0
Scrollen,1
niederschlagen,0
meditieren,1
wahlberechtigt,0
Coolness,0
bus,1
Hocke,1
drosseln,1
Fug,1
Reitsport,0
UFO,0
Impotenz,0
Ces,0
Hauptgruppe,0
niederlassen,0
Schilling,0
Adept,1
Niesen,1
Lernfeld,0
festgefahren,0
