lemma,POS,freq
die,ART,941206475
die,PRELS,72387212
die,PRELAT,2206427
und,KON,324149767
in,APPR,175083973
mit,APPR,111138306
mit,PTKVZ,3000223
nicht,PTKNEG,105170862
von,APPR,104334677
für,APPR,90492906
auch,ADV,90295534
auf,APPR,82292572
auf,PTKVZ,6261301
sich,PRF,77075617
zu,PTKZU,70231353
zu,APPR,39421415
zu,PTKVZ,3567447
dass,KOUS,52074870
bei,APPR,51643670
bei,PTKVZ,800430
so,ADV,49246793
oder,KON,47391227
als,KOKOM,45628175
als,KOUS,6616777
als,KON,488101
an,APPR,42372310
an,PTKVZ,10102948
an,APZR,944713
noch,ADV,41848954
noch,KON,588213
nur,ADV,39207331
nach,APPR,36273066
nach,PTKVZ,1508514
nach,APPO,566501
wenn,KOUS,35876480
aus,APPR,33759577
aus,PTKVZ,8825581
aus,APZR,492801
dann,ADV,31656672
über,APPR,29330192
über,PTKVZ,349791
wie,KOKOM,26851140
wie,KOUS,20334051
wie,PWAV,569250
schon,ADV,25556133
aber,KON,23734874
werden,VAINF,23610739
werden,VVINF,19705
Jahr,NN,23555267
durch,APPR,23303546
durch,PTKVZ,1225069
um,APPR,22286034
um,KOUI,10478740
um,PTKVZ,1083908
vor,APPR,19704445
vor,PTKVZ,3922074
mehr,ADV,19292262
ich,PRF,19165725
da,ADV,18867433
da,KOUS,9355158
da,PTKVZ,1127264
ja,ADV,18860105
ja,PTKANT,1958486
gut,ADJD,18731866
gut,ADJA,13967169
sehr,ADV,18512092
neu,ADJA,18181617
neu,ADJD,2875692
sein,VAINF,16482023
sein,VVINF,243787
sein,PPOSS,10495
jetzt,ADV,14644203
groß,ADJA,14171946
groß,ADJD,2394040
unter,APPR,13509259
unter,PTKVZ,210827
also,ADV,13454321
was,PWS,13303924
was,PRELS,11062737
doch,ADV,12639055
doch,KON,5478053
ganz,ADV,11787214
ganz,ADJA,5625819
ganz,ADJD,258522
Zeit,NN,11707865
nun,ADV,11075562
nun,KOUS,30873
bis,KON,10339074
bis,APPR,7002446
bis,KOUS,1661759
Mensch,NN,10308206
gegen,APPR,9838240
gegen,PTKVZ,46146
Tag,NN,9658088
weil,KOUS,9251011
selbst,ADV,9164073
selbst,PTKVZ,62409
heute,ADV,9009601
klein,ADJA,8872547
klein,ADJD,1029526
wer,PWS,8785300
ohne,APPR,8755971
ohne,KOUI,1492912
Kind,NN,8488171
weit,ADJA,8455584
weit,ADJD,2759068
denn,KON,8424832
denn,ADV,4086489
ob,KOUS,8203135
ob,ADV,536131
ob,APPR,517489
sondern,KON,8145396
seit,APPR,8131484
seit,KOUS,353059
wo,PWAV,8080370
Seite,NN,7836093
etwas,ADV,7670335
letzt,ADJA,7498501
letzt,ADJD,81893
letzt,NN,41223
sowie,KON,7325033
deutsch,ADJA,7281441
deutsch,NN,486922
deutsch,ADJD,335707
zwischen,APPR,7131826
zwischen,PTKVZ,25378
eigen,ADJA,7088476
eigen,ADJD,90878
dort,ADV,6799539
dort,PTKVZ,21168
wohl,ADV,6665167
wohl,ADJD,24462
vielleicht,ADV,6551271
Frau,NN,6534440
machen,VVINF,6503072
Problem,NN,6458394
Bild,NN,6420588
Thema,NN,6341199
alt,ADJA,6169581
alt,ADJD,1516072
haben,VAINF,6019925
haben,VVINF,209244
ein,PTKVZ,5951851
Leben,NN,5930276
Uhr,NN,5768548
wir,PRF,5561742
hoch,ADJA,5555271
hoch,ADJD,2298210
hoch,PTKVZ,393658
allerdings,ADV,5551551
welche,PRELS,5536990
welche,PWAT,2060815
welche,PWS,820238
jedoch,ADV,5457246
jedoch,KON,47355
nah,ADJA,5357468
nah,ADJD,932521
nah,APPR,17746
können,VMINF,5329384
können,VVINF,25251
können,VAINF,17776
Teil,NN,5163186
gar,ADV,5144008
zwar,ADV,5062577
Euro,NN,5000356
Woche,NN,4959347
Land,NN,4950507
Spiel,NN,4896172
Ende,NN,4827212
Welt,NN,4819523
ab,PTKVZ,4787547
ab,APPR,3981769
fast,ADV,4752518
Fall,NN,4746043
Stadt,NN,4738900
Haus,NN,4575120
warum,PWAV,4388938
sogar,ADV,4305014
lassen,VVINF,4291360
Mann,NN,4288435
etwa,ADV,4058256
nie,ADV,4036363
schön,ADJA,4031390
schön,ADJD,3261272
schön,PTKVZ,31962
oft,ADV,4029453
Art,NN,4012969
Arbeit,NN,3994400
Buch,NN,3987861
neben,APPR,3853755
Leute,NN,3849975
sagen,VVINF,3784364
spät,ADJD,3772448
spät,ADJA,828730
gleich,ADJD,3705917
gleich,ADJA,2593914
gleich,APPR,313240
gleich,PTKVZ,96857
Monat,NN,3653059
eben,ADV,3611787
eben,ADJA,67769
wegen,APPR,3607451
wegen,APPO,109915
wegen,APZR,10239
Platz,NN,3601391
sehen,VVINF,3572184
lang,ADJA,3554426
lang,ADJD,3029608
Grund,NN,3504767
Name,NN,3492533
recht,ADJD,3439261
recht,ADJA,138746
recht,PTKVZ,46783
Gott,NN,3405511
jung,ADJA,3377524
jung,ADJD,378018
klar,ADJD,3324216
klar,ADJA,863879
klar,PTKVZ,12740
direkt,ADJD,3294501
direkt,ADJA,830080
Hand,NN,3247672
Wort,NN,3239904
Film,NN,3221353
Sache,NN,3207478
rund,ADV,3205070
rund,ADJA,306255
tun,VVINF,3189389
lange,ADV,3140822
Ziel,NN,3114990
zurück,PTKVZ,3095787
Person,NN,3094751
Minute,NN,3069798
kurz,ADJD,3010678
kurz,ADJA,2735058
damit,KOUS,2998607
Punkt,NN,2996240
du,PRF,2994345
kaum,ADV,2977602
Preis,NN,2937049
sonst,ADV,2919196
Familie,NN,2831761
leicht,ADJD,2818067
leicht,ADJA,995509
Kunde,NN,2816290
Projekt,NN,2798787
Form,NN,2751064
kommen,VVINF,2744368
Doktor,NN,2739757
Schule,NN,2713865
Artikel,NN,2690833
Internet,NN,2685911
stark,ADJD,2681215
stark,ADJA,2031973
Stück,NN,2678441
während,KOUS,2653515
während,APPR,2147497
Auge,NN,2649735
Idee,NN,2642908
Hilfe,NN,2637642
Ort,NN,2605796
Ding,NN,2585253
Programm,NN,2565780
Dank,NN,2564175
Gruppe,NN,2553750
finden,VVINF,2550271
Freund,NN,2519361
Sinn,NN,2516488
Hund,NN,2497798
per,APPR,2437343
Rahmen,NN,2432485
System,NN,2431539
Produkt,NN,2407114
pro,APPR,2377774
Spaß,NN,2307196
lieb,ADJD,2236018
lieb,ADJA,1685111
lieb,PTKVZ,23877
oben,ADV,2235452
oben,PTKVZ,214410
Auto,NN,2213871
Straße,NN,2203484
echt,ADJD,2197489
echt,ADJA,1172476
Text,NN,2190481
Foto,NN,2187888
halt,ADV,2185305
halt,PTKVZ,121421
hinter,APPR,2172344
Band,NN,2143560
allein,ADV,2130814
allein,PTKVZ,42366
Team,NN,2109501
Interesse,NN,2108621
Eltern,NN,2081906
Folge,NN,2076185
Blick,NN,2069393
je,ADV,2058150
je,APPR,732298
je,KOUS,145904
statt,PTKVZ,2045553
statt,APPR,960462
statt,KOUI,223193
Kirche,NN,2016814
schlecht,ADJD,2005213
schlecht,ADJA,1415276
Recht,NN,1981439
Wert,NN,1964670
meist,ADV,1959528
nehmen,VVINF,1955494
trotz,APPR,1926537
Weise,NN,1920939
Rolle,NN,1910649
Kopf,NN,1900884
Chance,NN,1892948
Firma,NN,1875497
Gast,NN,1875420
nein,PTKANT,1873922
Tip,NN,1867711
Stelle,NN,1867336
Link,NN,1854012
Markt,NN,1847089
bitte,ADV,1839402
bitte,PTKANT,460497
Liebe,NN,1827058
bald,ADV,1800297
Kraft,NN,1769192
hin,PTKVZ,1768966
hin,APZR,297133
Staat,NN,1755292
toll,ADJA,1751327
toll,ADJD,1076561
Mai,NN,1705950
Zahl,NN,1698424
Titel,NN,1671258
Detail,NN,1667630
dennoch,ADV,1661268
weiter,PTKVZ,1660917
halten,VVINF,1659116
Autor,NN,1640727
Schritt,NN,1637658
Farbe,NN,1610353
Werk,NN,1607316
Hotel,NN,1602583
bevor,KOUS,1601213
bevor,PTKVZ,150383
Höhe,NN,1599048
Karte,NN,1595150
bringen,VVINF,1589760
zusammen,PTKVZ,1589156
Klasse,NN,1587991
Kontakt,NN,1581771
müssen,VMINF,1577747
müssen,VVINF,12306
modern,ADJA,1570020
modern,ADJD,114952
modern,VVINF,17530
wissen,VVINF,1562812
wann,PWAV,1555960
Glück,NN,1555384
Satz,NN,1541538
Arzt,NN,1530549
Wunsch,NN,1505196
bleiben,VVINF,1499077
Juni,NN,1491999
Menge,NN,1479137
Sprache,NN,1469617
März,NN,1444393
Wahl,NN,1443398
morgen,ADV,1442757
Tod,NN,1441157
Modell,NN,1429354
falls,KOUS,1424831
April,NN,1408487
Patient,NN,1404546
Licht,NN,1392332
außer,APPR,1373354
außer,KOUS,104940
Video,NN,1369101
laut,APPR,1368522
laut,ADJD,551332
laut,ADJA,198095
Tor,NN,1347939
Boden,NN,1344865
privat,ADJA,1336006
privat,ADJD,341966
früh,ADJA,1332144
früh,ADJD,1254860
online,ADJD,1331497
online,ADJA,120861
Regel,NN,1330389
Sohn,NN,1320054
Krieg,NN,1319655
stellen,VVINF,1319650
Juli,NN,1317019
Reihe,NN,1316630
spielen,VVINF,1300517
helfen,VVINF,1292130
Fan,NN,1288901
Bank,NN,1282472
Info,NN,1276615
Grenze,NN,1276289
Suche,NN,1273063
weder,KON,1260701
stehen,VVINF,1256373
interessant,ADJA,1251893
interessant,ADJD,1242551
knapp,ADJD,1239313
knapp,ADJA,263833
indem,KOUS,1234466
lesen,VVINF,1233017
kaufen,VVINF,1222665
falsch,ADJD,1215806
falsch,ADJA,944493
falsch,PTKVZ,10453
Wissen,NN,1212582
okay,ADJD,1212279
selten,ADJD,1200700
selten,ADJA,299548
selten,ADV,65267
Kunst,NN,1193818
Kampf,NN,1191660
links,ADV,1188007
links,ADJA,158816
Pferd,NN,1185958
rot,ADJA,1184644
rot,ADJD,392968
komplett,ADJD,1180590
komplett,ADJA,803317
Größe,NN,1170069
August,NN,1163989
Fahrzeug,NN,1154755
Fuß,NN,1152291
offen,ADJA,1149687
offen,ADJD,1104064
schreiben,VVINF,1147739
Bitte,ADV,1145307
Bitte,NN,211018
sogenannt,ADJA,1139305
nutzen,VVINF,1139146
führen,VVINF,1126651
Sicht,NN,1121716
Kreis,NN,1120737
schwarz,ADJA,1119331
schwarz,ADJD,455968
Saison,NN,1110595
Volk,NN,1104205
dank,APPR,1102507
dank,PTKVZ,32106
Blog,NN,1100818
rechts,ADV,1090669
rechts,PTKVZ,22670
Konzept,NN,1087450
Luft,NN,1082200
Methode,NN,1077137
Gruß,NN,1058317
mm,NN,1056996
Service,NN,1056526
alleine,ADV,1053077
alleine,PTKVZ,71129
Freude,NN,1052759
Dienst,NN,1049574
Stunde,NN,1045802
Zitat,NN,1044150
Praxis,NN,1039874
fest,PTKVZ,1038078
fest,ADJD,733461
fest,ADJA,726353
Sport,NN,1036444
Stand,NN,1031419
Linie,NN,1022778
Essen,NN,1015646
Prozess,NN,1014143
Druck,NN,1009423
fahren,VVINF,1009037
weiß,ADJA,1008661
weiß,ADJD,526282
weiß,PTKVZ,57016
Start,NN,993326
Schluss,NN,989300
Grad,NN,988779
Grad,ADV,16978
leben,VVINF,983039
Lauf,NN,979296
Feld,NN,978824
Song,NN,975889
Wald,NN,975288
weg,PTKVZ,973552
Kollege,NN,972602
halb,ADJA,971360
halb,ADJD,358837
Quelle,NN,968605
Schaden,NN,964044
Sonne,NN,963672
her,PTKVZ,958879
her,APZR,639563
Netz,NN,958372
Sieg,NN,958288
dar,PTKVZ,957957
Insel,NN,952039
arbeiten,VVINF,949960
Rest,NN,946798
Macht,NN,942176
Risiko,NN,939598
Runde,NN,936534
Garten,NN,934886
Hälfte,NN,932107
hören,VVINF,924440
Reise,NN,923381
stets,ADV,920550
Plan,NN,913832
Liste,NN,911715
schlimm,ADJD,909652
schlimm,ADJA,415442
Schutz,NN,909208
lernen,VVINF,909057
grün,ADJA,908475
grün,ADJD,277939
Strecke,NN,907177
Türe,NN,903137
Zweck,NN,890440
rein,ADJA,879373
rein,ADV,864741
rein,PTKVZ,619380
rein,ADJD,15396
wieso,PWAV,879258
Lied,NN,877257
breit,ADJA,872350
breit,ADJD,425543
Typ,NN,870981
Lust,NN,869547
Ruhe,NN,868255
Kurs,NN,865380
zeigen,VVINF,863085
Hab,NN,861339
Motor,NN,860469
Institut,NN,856076
Test,NN,855212
Post,NN,854721
Glaube,NN,852426
tief,ADJD,852072
tief,ADJA,741164
suchen,VVINF,851616
Bau,NN,849222
Stimme,NN,848373
Sekunde,NN,847179
ändern,VVINF,846790
Basis,NN,839516
Design,NN,832191
Katze,NN,829326
Thread,NN,827313
Himmel,NN,822422
schaffen,VVINF,821235
Ball,NN,817040
Szene,NN,816117
Kamera,NN,815310
extrem,ADJD,813018
extrem,ADJA,295411
divers,ADJA,808964
wollen,VMINF,807486
nett,ADJA,799265
nett,ADJD,579633
kennen,VVINF,793155
Haut,NN,789474
Schiff,NN,783501
Prinzip,NN,783051
Marke,NN,782941
Konzert,NN,782906
Ebene,NN,781463
Dame,NN,780425
Fahrt,NN,775375
konkret,ADJA,773103
konkret,ADJD,314397
wahr,ADJA,773017
wahr,ADJD,555324
Maß,NN,772748
setzen,VVINF,772415
Tisch,NN,770847
Aspekt,NN,769824
Seele,NN,766204
Junge,NN,765038
DVD,NN,758950
Tat,NN,756253
liegen,VVINF,753996
liegen,PTKVZ,11233
ziehen,VVINF,753454
innen,ADV,752758
innen,ADJD,214351
See,NN,748969
Dorf,NN,748212
Roman,NN,746785
schade,ADJD,746383
selbe,ADJA,740889
Handy,NN,738608
Job,NN,732763
Morgen,NN,729610
Ecke,NN,728484
Stern,NN,724553
Adresse,NN,712875
laufen,VVINF,711137
Strom,NN,704451
leisten,VVINF,704188
Kontrolle,NN,703777
Präsident,NN,703023
Objekt,NN,702301
Wand,NN,701003
Amt,NN,700412
momentan,ADJD,700112
momentan,ADJA,103134
Schmerz,NN,696727
Bühne,NN,695445
Waffe,NN,694250
eng,ADJA,693710
eng,ADJD,546940
denken,VVINF,691491
Gute,NN,690716
warten,VVINF,690486
empfehlen,VVINF,687044
Küche,NN,686289
Brief,NN,684907
Ware,NN,675965
Kapitel,NN,675745
raus,PTKVZ,670396
raus,ADV,611251
Maschine,NN,667114
Bund,NN,666544
draußen,ADV,652866
Jugend,NN,651216
Holz,NN,650832
Ganze,NN,650037
sprechen,VVINF,649676
Fläche,NN,649306
fragen,VVINF,648078
Kauf,NN,647258
sofern,KOUS,646596
Falle,NN,646430
Experte,NN,646206
Mail,NN,643968
danke,PTKANT,642697
hart,ADJA,641996
hart,ADJD,595214
Ohr,NN,634914
Wind,NN,634548
Rede,NN,630699
Variante,NN,627875
Rand,NN,623431
Milliarde,NN,622537
Student,NN,620401
Neue,NN,619038
gemäß,APPR,617173
gemäß,APPO,31740
Club,NN,613551
dick,ADJA,610671
dick,ADJD,263460
Fisch,NN,610373
perfekt,ADJD,608194
perfekt,ADJA,520991
willkommen,ADJD,607778
willkommen,ADJA,46579
Pause,NN,603462
tragen,VVINF,600384
Effekt,NN,600104
freuen,VVINF,599581
Bus,NN,599523
Gang,NN,598152
Schloss,NN,597332
Wille,NN,595660
Rücken,NN,594018
Halle,NN,592657
Motto,NN,591002
froh,ADJD,590887
froh,ADJA,151639
Blut,NN,590873
treffen,VVINF,589000
Schuld,NN,584963
Stoff,NN,582107
fein,ADJA,581666
fein,ADJD,250723
bieten,VVINF,576450
Phase,NN,573747
bisschen,ADV,572331
Handel,NN,571391
Wagen,NN,570637
Radio,NN,570048
Ton,NN,568778
mobil,ADJA,567702
mobil,ADJD,133630
Stil,NN,564584
Treffen,NN,561194
König,NN,557976
blau,ADJA,554308
blau,ADJD,213930
Grüne,NN,548743
Strand,NN,548061
Soldat,NN,546085
Öl,NN,545809
Pflege,NN,544838
bloß,ADJD,544360
bloß,ADJA,222097
heiß,ADJA,543586
heiß,ADJD,349247
teil,PTKVZ,542644
Gold,NN,542354
Bahn,NN,541502
Masse,NN,541473
los,PTKVZ,539709
Faktor,NN,536856
Büro,NN,534456
kalt,ADJA,533062
kalt,ADJD,401295
Rad,NN,532871
Länge,NN,530878
Blatt,NN,529690
reden,VVINF,529523
Park,NN,528546
Code,NN,528510
Partie,NN,527531
außen,ADV,526274
außen,ADJD,35047
Vogel,NN,525611
ihr,PRF,523649
ihr,PPOSS,15267
Schrift,NN,523616
Wesen,NN,523066
fremd,ADJA,518249
fremd,ADJD,126515
Boot,NN,518152
Atmosphäre,NN,516441
Kaffee,NN,516055
Trend,NN,513084
Frieden,NN,512458
Heimat,NN,512159
glauben,VVINF,511019
holen,VVINF,509088
Konflikt,NN,508806
Standard,NN,508471
Niveau,NN,508127
nennen,VVINF,507173
Jude,NN,504610
Laden,NN,504214
laß,ADJD,503501
laß,ADJA,32464
Schuh,NN,502464
Schreiben,NN,501639
Krise,NN,501552
quasi,ADV,500679
Baby,NN,500605
Glas,NN,498011
extern,ADJA,497359
extern,ADJD,44670
warm,ADJA,497339
warm,ADJD,450012
Brücke,NN,496754
Norden,NN,495902
Platte,NN,495849
zeit,APPR,495145
informieren,VVINF,492621
Dach,NN,492520
passieren,VVINF,491223
Kino,NN,490450
Pflicht,NN,489533
desto,KON,488716
Osten,NN,488142
Nase,NN,487724
Mund,NN,486134
Liga,NN,484776
Sitz,NN,484215
Fazit,NN,484021
Wechsel,NN,482876
Fleisch,NN,482453
cool,ADJD,481597
cool,ADJA,247594
Show,NN,481077
arm,ADJA,480382
arm,ADJD,135732
Gut,NN,480035
Stufe,NN,477525
Mangel,NN,477345
Flug,NN,477169
Hof,NN,474909
Spitze,NN,473393
Story,NN,472891
essen,VVINF,471583
Kabel,NN,470608
Rennen,NN,468651
zahlen,VVINF,467767
Handeln,NN,467272
dürfen,VMINF,467154
Fest,NN,466905
Zweifel,NN,462711
schauen,VVINF,460579
Ring,NN,459677
Chef,NN,456992
böse,ADJA,454680
böse,ADJD,250041
Hallo,NN,453525
live,ADJD,452823
Tabelle,NN,450450
Branche,NN,450285
wenden,VVINF,448384
Party,NN,447607
Denken,NN,447553
Ei,NN,446512
achten,VVINF,444702
bauen,VVINF,443396
Süden,NN,442516
Profil,NN,442332
Mut,NN,439989
Presse,NN,439322
bunt,ADJA,439116
bunt,ADJD,196855
Scheibe,NN,438531
App,NN,438046
Zahn,NN,437386
Mark,NN,437379
Zeile,NN,434974
starten,VVINF,434619
wählen,VVINF,433849
Fluss,NN,433061
Tasche,NN,431802
siehe,ADV,431706
tot,ADJD,431646
tot,ADJA,247541
tot,PTKVZ,10663
Rock,NN,428172
lösen,VVINF,427627
Loch,NN,425424
komplex,ADJA,420142
komplex,ADJD,117355
Plattform,NN,418774
Web,NN,418624
Regen,NN,417744
Planet,NN,417302
legen,VVINF,414234
Event,NN,413739
Lernen,NN,412300
stolz,ADJD,411574
stolz,ADJA,139003
Reich,NN,410784
Kleine,NN,409191
Zelle,NN,407981
Englisch,NN,407013
Not,NN,406415
klasse,ADJD,405918
klasse,ADJA,160879
Stress,NN,405786
Konto,NN,403911
Christus,NN,403462
schwach,ADJA,402930
schwach,ADJD,346671
rechnen,VVINF,402216
Modul,NN,401099
Mühe,NN,400230
schützen,VVINF,399474
Spiegel,NN,399057
testen,VVINF,396481
hervor,PTKVZ,396316
Lehre,NN,393463
Rezept,NN,391568
Schnee,NN,391207
Karriere,NN,390628
Kreuz,NN,389036
Truppe,NN,388625
sorgen,VVINF,388193
Respekt,NN,386578
Schatten,NN,386447
Sound,NN,385442
Sex,NN,385080
Held,NN,384138
sparen,VVINF,383320
Paket,NN,381545
dran,PTKVZ,380260
dran,ADV,10956
Linke,NN,379370
Kommune,NN,379161
Symbol,NN,379062
extra,ADJD,379027
extra,ADJA,159645
Level,NN,378821
fern,ADJD,378325
fern,ADJA,135009
fern,PTKVZ,49551
fern,APPR,45618
intern,ADJA,377675
intern,ADJD,113197
Maus,NN,376578
Rang,NN,375006
Last,NN,374014
Arm,NN,371110
Feind,NN,370584
via,APPR,367310
leid,ADJD,365612
Debatte,NN,364949
Alkohol,NN,364902
Hafen,NN,364564
Staffel,NN,363801
Griff,NN,362648
Studio,NN,361550
Heft,NN,360867
Messe,NN,360468
nahe,PTKVZ,359877
nahe,APPR,302584
krank,ADJD,359580
krank,ADJA,196329
golden,ADJA,359427
golden,ADJD,98550
folgen,VVINF,358796
Welle,NN,357796
Note,NN,356739
Armee,NN,356061
Ja,NN,355147
Spruch,NN,353807
Burg,NN,353570
dicht,ADJD,351908
dicht,ADJA,182530
dumm,ADJD,350900
dumm,ADJA,246817
Schlag,NN,350397
teils,ADV,350313
korrekt,ADJD,350146
korrekt,ADJA,218667
fallen,VVINF,350118
Gas,NN,349946
Ehe,NN,348957
interessieren,VVINF,347446
Flasche,NN,346304
kaputt,ADJD,345849
kaputt,ADJA,59183
Komponente,NN,345704
Ruf,NN,345688
Nutzen,NN,345117
Schuss,NN,345063
Finale,NN,343541
bereit,PTKVZ,343517
Zeuge,NN,343397
Brot,NN,342052
Symptom,NN,341683
Kredit,NN,341344
Stärke,NN,340989
Bibel,NN,340027
schließen,VVINF,339664
Tool,NN,339534
Ressource,NN,339366
Akku,NN,338381
Frucht,NN,336023
Phänomen,NN,335646
Bauch,NN,335472
fort,PTKVZ,334226
fort,ADV,52039
Tiefe,NN,332745
retten,VVINF,332248
fördern,VVINF,331909
Klima,NN,330813
wechseln,VVINF,330718
Streit,NN,329944
Hose,NN,329798
Sand,NN,329160
öffnen,VVINF,329054
Schlüssel,NN,329053
funktionieren,VVINF,327432
Kampagne,NN,326203
Wurzel,NN,324680
Box,NN,324344
Milch,NN,323890
Display,NN,323275
Klick,NN,322674
blöd,ADJD,322662
blöd,ADJA,224655
wild,ADJA,322554
wild,ADJD,188300
Weile,NN,321273
Sorge,NN,320459
Mode,NN,320076
enorm,ADJA,319824
enorm,ADJD,254041
Schnitt,NN,319201
schlicht,ADJD,319046
schlicht,ADJA,118989
Trick,NN,318741
Tonne,NN,315921
Papst,NN,314990
prüfen,VVINF,314946
Zeug,NN,314536
handeln,VVINF,313815
Eis,NN,312315
schicken,VVINF,311277
Hals,NN,310963
Bord,NN,310509
Salz,NN,310206
Innere,NN,309494
Wärme,NN,309019
Tarif,NN,308755
kämpfen,VVINF,308195
Mädel,NN,307810
Protest,NN,307716
Hobby,NN,306678
Kasse,NN,306073
Klang,NN,304999
Profi,NN,304948
Kern,NN,304852
Kontext,NN,304600
Garantie,NN,304550
heißen,VVINF,304453
Button,NN,304101
Turm,NN,303118
rum,PTKVZ,302143
rum,ADV,148855
womit,PWAV,301927
Rasse,NN,301515
Brust,NN,301273
Blume,NN,300359
Fach,NN,300010
Wandel,NN,299459
Talent,NN,299115
Schicht,NN,298620
Tanz,NN,298485
Wiese,NN,297456
Cent,NN,295388
Katalog,NN,295360
fit,ADJD,293931
Strafe,NN,293743
Transport,NN,292697
plus,ADV,292366
plus,KON,103142
sichern,VVINF,292310
Daumen,NN,292299
fühlen,VVINF,291949
Schild,NN,291127
Konzern,NN,290619
Architekt,NN,290113
reich,ADJA,290091
reich,ADJD,243175
leise,ADJD,290029
leise,ADJA,165689
diskutieren,VVINF,289741
Probe,NN,289648
trocken,ADJA,289350
trocken,ADJD,286414
Tee,NN,289227
dienen,VVINF,289092
Menü,NN,288916
Reifen,NN,288522
All,NN,288372
sollen,VMINF,288198
Block,NN,287891
Bischof,NN,287372
Tempo,NN,287324
Diagnose,NN,287040
Golf,NN,286828
Große,NN,284492
Mond,NN,283861
melden,VVINF,283460
Es,NN,283205
Teufel,NN,282948
Lohn,NN,282667
Set,NN,282327
Witz,NN,281988
Lob,NN,281820
Single,NN,281694
Summe,NN,281070
löschen,VVINF,280587
Tür,NN,279483
Rente,NN,279313
Virus,NN,279266
Tote,NN,278643
Aktie,NN,278472
rasch,ADJD,278246
rasch,ADJA,111261
Zins,NN,277568
Mama,NN,277110
sammeln,VVINF,276970
Reform,NN,276707
Stuhl,NN,276213
kosten,VVINF,275940
Substanz,NN,275722
wirken,VVINF,274733
Ticket,NN,274487
sitzen,VVINF,274107
stabil,ADJA,272968
stabil,ADJD,234002
These,NN,272884
installieren,VVINF,270989
Quote,NN,270456
hoffen,VVINF,270179
Status,NN,270015
Formel,NN,269991
Logo,NN,269942
Kuh,NN,269092
süß,ADJA,268421
süß,ADJD,225467
Metall,NN,268159
passen,VVINF,267501
kümmern,VVINF,267010
Islam,NN,266992
Chor,NN,265469
weich,ADJA,265385
weich,ADJD,198316
weh,ADJD,265039
scharf,ADJA,264863
scharf,ADJD,248050
Engel,NN,264706
Blüte,NN,263758
Sorte,NN,262899
Kiste,NN,259102
Organ,NN,258684
präsentieren,VVINF,258591
schlafen,VVINF,258361
Pass,NN,258271
Gitarre,NN,258032
trinken,VVINF,257729
feiern,VVINF,256981
dauern,VVINF,256259
Schatz,NN,256255
Senat,NN,255283
Board,NN,254204
exakt,ADJD,253981
exakt,ADJA,116280
Mord,NN,253646
Leid,NN,253097
Tausend,NN,252572
Küste,NN,252499
Norm,NN,252270
prima,ADJA,252106
drin,PTKVZ,252076
drin,ADV,10725
sterben,VVINF,252071
gratis,ADJD,252016
Humor,NN,251941
spontan,ADJD,250673
spontan,ADJA,105281
Schlaf,NN,250047
Fokus,NN,249669
Leib,NN,249592
grau,ADJA,249016
grau,ADJD,123658
Impuls,NN,247604
Wolke,NN,247398
Droge,NN,246228
Böse,NN,246154
dünn,ADJA,245795
dünn,ADJD,181361
Kleid,NN,245299
Zoll,NN,244630
Lampe,NN,244094
Katastrophe,NN,243919
fliegen,VVINF,243707
still,ADJD,242871
still,ADJA,186958
Kette,NN,242121
Route,NN,241785
Front,NN,241688
Feature,NN,241417
Windows,NN,241049
Jesu,NN,240496
Flucht,NN,240318
schlagen,VVINF,240120
Laune,NN,239983
Ehre,NN,239532
stärken,VVINF,239189
ehe,KOUS,239158
Breite,NN,239078
Hut,NN,238761
Kurve,NN,238483
West,NN,236592
Nazi,NN,235398
Lippe,NN,234690
hübsch,ADJA,234435
hübsch,ADJD,147564
Premiere,NN,233520
reagieren,VVINF,233263
Favorit,NN,233234
Kohle,NN,232655
Support,NN,232562
glatt,ADJD,232213
glatt,ADJA,139657
werfen,VVINF,232083
Fett,NN,231339
Duft,NN,231196
fair,ADJA,231055
fair,ADJD,212621
Demo,NN,231036
Lizenz,NN,230946
Grab,NN,230820
Treppe,NN,230743
öfters,ADV,230468
streng,ADJA,230000
streng,ADJD,212102
Kerl,NN,230000
grob,ADJA,229819
grob,ADJD,193100
Balkon,NN,229551
Muss,NN,229363
samt,APPR,229189
Kanton,NN,228557
Schwert,NN,228486
Provinz,NN,228053
Kumpel,NN,227079
Sturm,NN,227041
Kugel,NN,226926
spüren,VVINF,225813
Tempel,NN,225651
Air,NN,225277
Nord,NN,224813
Bit,NN,224779
Live,NN,224420
Lücke,NN,223854
Flügel,NN,223727
Recherche,NN,223498
Welpe,NN,223468
Hütte,NN,222978
Bogen,NN,222791
wünschen,VVINF,222202
fehlen,VVINF,221473
teilen,VVINF,220723
müde,ADJD,220650
müde,ADJA,55124
Obst,NN,220580
Chaos,NN,220492
Armut,NN,220344
Fax,NN,219211
Frühling,NN,217965
Zelt,NN,217887
Apfel,NN,217793
Hitze,NN,217770
Finanz,NN,217630
Terrasse,NN,217280
Pilot,NN,215839
Muskel,NN,215712
Ferien,NN,215680
doof,ADJD,215440
doof,ADJA,55198
drehen,VVINF,215063
Modus,NN,213359
liefern,VVINF,213352
klären,VVINF,212835
Möbel,NN,212641
Protokoll,NN,212099
Apotheke,NN,212074
Bilanz,NN,211902
lachen,VVINF,211589
Müll,NN,211497
Tafel,NN,211343
schuld,ADJD,211339
Decke,NN,211300
Sünde,NN,209711
hängen,VVINF,209544
Diplom,NN,209533
Broschüre,NN,209492
Wohl,NN,208966
Stock,NN,208821
Villa,NN,208696
Alte,NN,208414
Pflanze,NN,207626
Topf,NN,207369
Rätsel,NN,206970
Kongress,NN,206962
Können,NN,206541
Pfad,NN,205201
Account,NN,204811
Stamm,NN,203470
reduzieren,VVINF,203359
Leiden,NN,203190
Gleiche,NN,203092
Episode,NN,202930
Zone,NN,202740
akzeptieren,VVINF,201860
fassen,VVINF,201734
leiden,VVINF,201624
Hölle,NN,201483
Jury,NN,201065
Kid,NN,200969
posten,VVINF,200922
Label,NN,199952
Papa,NN,199942
Schaf,NN,199612
Löwe,NN,199284
Stall,NN,198888
Chip,NN,198795
Wohnen,NN,198768
Miete,NN,198553
bilden,VVINF,198371
Lächeln,NN,197481
Konsole,NN,197343
Labor,NN,196670
Folie,NN,196277
wachsen,VVINF,195693
messen,VVINF,195674
Track,NN,195515
brauchen,VVINF,194990
Match,NN,194842
Jagd,NN,194811
Gramm,NN,194569
Höhle,NN,194182
weis,PTKVZ,193926
Fremde,NN,193851
Pirat,NN,193824
Laufen,NN,192984
Weiß,NN,192938
Franke,NN,192871
Pool,NN,192711
braun,ADJA,192117
braun,ADJD,108097
Hit,NN,191250
Gipfel,NN,190846
Budget,NN,190778
Winkel,NN,190742
Brille,NN,190540
Rose,NN,190384
reichen,VVINF,190035
kühl,ADJA,189982
kühl,ADJD,135536
Hundert,NN,188977
solide,ADJA,188963
solide,ADJD,45070
Kraut,NN,188901
Prognose,NN,188816
steigern,VVINF,188547
registrieren,VVINF,187797
flach,ADJA,187755
flach,ADJD,139936
flach,PTKVZ,11989
Oma,NN,187676
Bad,NN,187271
Streifen,NN,187117
Kulisse,NN,186457
Heim,NN,186299
Kartoffel,NN,186106
Jazz,NN,185968
Wunde,NN,185523
Fülle,NN,185213
Helm,NN,185084
Brett,NN,185035
Franzose,NN,184843
steigen,VVINF,184289
Café,NN,183585
Sack,NN,183553
Börse,NN,183497
gucken,VVINF,183488
Magen,NN,183467
Award,NN,182903
merken,VVINF,182710
Reiz,NN,182594
Mythos,NN,182479
Würde,NN,182469
Fonds,NN,181946
Port,NN,181756
stecken,VVINF,181344
Bug,NN,181268
Watt,NN,181082
investieren,VVINF,180710
trennen,VVINF,180698
Kürze,NN,180262
Faden,NN,180054
töten,VVINF,179332
Kälte,NN,178536
realisieren,VVINF,178531
Schlange,NN,178231
heran,PTKVZ,178166
konzentrieren,VVINF,178120
arg,ADJD,178104
arg,ADJA,57671
singen,VVINF,177998
schlau,ADJD,177908
schlau,ADJA,50901
Wut,NN,177630
Dusche,NN,177204
Differenz,NN,177017
sanft,ADJA,176945
sanft,ADJD,163446
Hass,NN,176916
Tank,NN,176005
Dom,NN,175807
Prophet,NN,175635
Bass,NN,175541
Kante,NN,175449
Smiley,NN,174791
Gras,NN,174540
Strich,NN,174526
Brand,NN,174398
drücken,VVINF,173552
frei,PTKVZ,172983
treu,ADJD,172803
treu,ADJA,138743
kontrollieren,VVINF,172086
pur,ADJD,171713
pur,ADJA,159063
Staub,NN,171680
Kranke,NN,171376
Segen,NN,171199
Diabetes,NN,170873
Kompromiss,NN,170785
schief,ADJD,170547
schief,ADJA,35332
stimmen,VVINF,170503
Wüste,NN,170452
Schrank,NN,170003
Mod,NN,169524
profitieren,VVINF,169509
probieren,VVINF,169417
wonach,PWAV,169240
Sensor,NN,169123
Patch,NN,168884
Laie,NN,168841
Kontinent,NN,168404
Fell,NN,168020
Rhythmus,NN,167661
Hase,NN,167601
akut,ADJA,167305
akut,ADJD,37475
inmitten,APPR,167210
fett,ADJA,167111
fett,ADJD,136368
Komfort,NN,167086
bitten,VVINF,167018
organisieren,VVINF,166917
Fakt,NN,166775
Huhn,NN,166478
Krone,NN,166154
greifen,VVINF,166136
Ostern,NN,166042
Maske,NN,165484
Teich,NN,165315
rege,ADJA,165172
rege,ADJD,18217
Pro,NN,164955
Pech,NN,164818
Arena,NN,164364
Halt,NN,163986
Käse,NN,163759
Index,NN,163751
Akt,NN,163622
Deckel,NN,163355
separat,ADJA,162581
separat,ADJD,73937
Leiche,NN,162054
Schlacht,NN,161926
Säule,NN,161817
lieben,VVINF,161791
Horizont,NN,161711
Dreck,NN,161318
unten,PTKVZ,161175
Wolf,NN,160949
Kilo,NN,160912
Salat,NN,160872
wach,ADJD,160580
wach,ADJA,26195
wach,PTKVZ,24623
Posten,NN,160419
Gabe,NN,160155
Eisen,NN,159256
Fassade,NN,159089
Chat,NN,158988
Hast,NN,158734
seiten,APPR,158278
Schau,NN,158261
Stille,NN,158096
Kerze,NN,157778
High,NN,157716
Kapitän,NN,157619
Gnade,NN,157331
Onkel,NN,157323
Fahne,NN,157231
Toilette,NN,157054
Diesel,NN,156970
Alt,NN,156303
Blitz,NN,156213
Münze,NN,156152
Bruch,NN,155920
Alp,NN,155811
Teppich,NN,155798
Kontrast,NN,155778
äußern,VVINF,155548
Rohr,NN,155277
Konkurrent,NN,155037
Drama,NN,155010
Lady,NN,154913
speichern,VVINF,154726
richten,VVINF,154548
studieren,VVINF,154368
planen,VVINF,154085
Mönch,NN,153820
Hügel,NN,153613
Comic,NN,153398
Jacke,NN,152903
kriegen,VVINF,152870
Nagel,NN,152809
Sektor,NN,152594
Dutzend,NN,152270
Tropfen,NN,152248
Ferne,NN,152240
Paradies,NN,151913
Kamerad,NN,151832
Ex,NN,151695
Elite,NN,150961
Richtige,NN,150684
Diät,NN,150492
schätzen,VVINF,150365
senden,VVINF,150101
Süd,NN,150100
Gunst,NN,150069
üben,VVINF,149801
Schalk,NN,149265
Lack,NN,149180
Rabatt,NN,148989
Fund,NN,148944
Defizit,NN,148939
Wurf,NN,148929
Tunnel,NN,148724
Bucht,NN,148643
Pfeil,NN,148370
Flamme,NN,148293
Zaun,NN,148132
Epoche,NN,147948
Schokolade,NN,147944
Zwang,NN,147848
Lektüre,NN,147805
Nebel,NN,147787
Creme,NN,147684
Pilz,NN,147658
Zwerg,NN,147601
Shop,NN,147569
Volumen,NN,147368
Bach,NN,147351
schick,ADJD,147122
schick,ADJA,140798
Zigarette,NN,147052
Arsch,NN,146668
Mühle,NN,146474
explizit,ADJD,146423
explizit,ADJA,36699
treten,VVINF,146355
Client,NN,146206
Justiz,NN,146205
Bonus,NN,145921
Kai,NN,145854
Achse,NN,145714
trainieren,VVINF,145674
Filiale,NN,145536
Schmuck,NN,145469
Stolz,NN,145206
feucht,ADJA,144849
feucht,ADJD,88918
Ofen,NN,144781
Pixel,NN,144430
Model,NN,144409
Zwiebel,NN,144377
kompakt,ADJA,144323
kompakt,ADJD,92385
Freie,NN,144321
Tasse,NN,144195
Fürst,NN,144172
Ambiente,NN,144085
Los,NN,143857
Reserve,NN,143814
produzieren,VVINF,143748
Heilige,NN,143696
nirgends,ADV,143485
Charme,NN,143092
integrieren,VVINF,142144
Lärm,NN,142097
Coach,NN,141970
Lok,NN,141656
buchen,VVINF,141627
buchen,ADJD,34334
Schöne,NN,141417
schießen,VVINF,141223
blind,ADJD,141212
blind,ADJA,117615
ran,PTKVZ,141028
ran,ADV,91186
Mechanismus,NN,141001
Atem,NN,140976
Schlauch,NN,140787
schenken,VVINF,140176
Taxi,NN,140032
Knopf,NN,139904
Kapelle,NN,139736
Zoo,NN,139617
Sauna,NN,139594
aktivieren,VVINF,139467
Käfig,NN,139260
Felge,NN,139060
laden,VVINF,138944
Allianz,NN,138917
Russe,NN,138173
Hang,NN,138050
Schiene,NN,138026
Vampir,NN,137836
Sofa,NN,137681
Extra,NN,137605
satt,ADJD,137335
satt,ADJA,101564
Lexikon,NN,137221
Audio,NN,136779
Haken,NN,136747
gen,APPR,136717
Tante,NN,136409
Philosoph,NN,136075
zart,ADJA,136068
zart,ADJD,53139
Felsen,NN,135936
Cookie,NN,135882
Brunnen,NN,135799
Tuch,NN,135385
Kneipe,NN,135223
Dämon,NN,134990
Terror,NN,134966
Plus,NN,134886
Tumor,NN,133754
Faust,NN,133663
nieder,PTKVZ,133513
Kommando,NN,133204
steil,ADJA,132806
steil,ADJD,108647
senken,VVINF,132701
Moderne,NN,132657
treiben,VVINF,132561
souverän,ADJD,132502
souverän,ADJA,73156
Stirn,NN,131935
klicken,VVINF,131639
Hürde,NN,131476
Zweite,NN,131189
Cup,NN,131021
Bock,NN,130932
Pille,NN,130845
steuern,VVINF,130558
krass,ADJD,130063
krass,ADJA,84336
Review,NN,130024
Glanz,NN,129579
Akzent,NN,129569
Orden,NN,129514
Patent,NN,129456
Trinken,NN,129093
Zettel,NN,129051
Schale,NN,128973
Same,NN,128838
Trikot,NN,128826
Türke,NN,128808
Sattel,NN,128307
Camp,NN,128182
zählen,VVINF,128153
finanzieren,VVINF,127311
binnen,APPR,127093
Güte,NN,126980
Schweigen,NN,126743
Mehl,NN,126661
Saft,NN,126647
Luxus,NN,126180
Export,NN,125919
Luke,NN,125883
Duell,NN,125754
stören,VVINF,125682
zivil,ADJA,125652
zivil,ADJD,17558
Kostüm,NN,125608
Suppe,NN,125431
identifizieren,VVINF,125403
Crew,NN,125189
meinen,VVINF,124737
konstant,ADJD,124656
konstant,ADJA,90696
Palette,NN,124514
mild,ADJA,124345
mild,ADJD,45678
worum,PWAV,124207
Teig,NN,124088
Graf,NN,123795
happy,ADJD,123788
Wild,NN,123730
Boy,NN,123639
Reis,NN,123548
Knoten,NN,123440
Gleis,NN,123391
Wirken,NN,123298
Ast,NN,122974
Variable,NN,122855
reisen,VVINF,122838
Flecken,NN,122598
Diskurs,NN,122476
acht,ADJA,122237
Ventil,NN,121993
springen,VVINF,121925
schaden,VVINF,121741
Honig,NN,121678
indirekt,ADJD,121578
indirekt,ADJA,96488
Yoga,NN,121264
Fahren,NN,121167
Mini,NN,121071
Stahl,NN,121024
Ratte,NN,120890
Attacke,NN,120840
Blau,NN,120754
Pizza,NN,120714
gründen,VVINF,120582
kochen,VVINF,120570
Pfund,NN,120526
Duo,NN,120295
Tomate,NN,120281
Rind,NN,119878
füllen,VVINF,119847
Bauen,NN,119624
Wurst,NN,119597
Gift,NN,119511
Schwimmen,NN,119486
Metropole,NN,119324
fix,ADJD,118987
fix,ADJA,55215
File,NN,118982
Seil,NN,118966
Boss,NN,118911
Taste,NN,118910
Bike,NN,118900
Prinz,NN,118873
Stange,NN,118628
faul,ADJD,118431
faul,ADJA,65880
Etappe,NN,118392
definieren,VVINF,118373
smart,ADJD,118235
smart,ADJA,21465
Stift,NN,118182
Karton,NN,118075
pflegen,VVINF,117995
Biene,NN,117922
willen,APPO,117832
Wurm,NN,117603
Insekt,NN,117224
Riss,NN,117080
Regime,NN,117058
Shirt,NN,116800
Hemd,NN,116782
Schock,NN,116767
raten,VVINF,116728
nass,ADJD,116591
nass,ADJA,106232
Orgel,NN,116566
Bob,NN,116532
Agent,NN,116242
Klamotte,NN,116066
brav,ADJD,115982
brav,ADJA,47854
Spam,NN,115874
präzise,ADJD,115769
präzise,ADJA,113131
Part,NN,115489
nackt,ADJA,115455
nackt,ADJD,88459
Punk,NN,115372
Fähre,NN,115267
stoppen,VVINF,115213
scheiß,ADJA,115165
Agenda,NN,115055
Kuss,NN,114777
Pumpe,NN,114688
Balance,NN,114664
Rakete,NN,114649
wundern,VVINF,114398
Hirn,NN,114161
Schrecken,NN,114119
Heil,NN,114002
Nest,NN,113994
Doppel,NN,113250
wider,APPR,112741
wider,PTKVZ,96159
klappen,VVINF,112606
Notiz,NN,112505
Takt,NN,112433
Kabine,NN,112197
Style,NN,112164
Riese,NN,112040
Sturz,NN,111942
Sterben,NN,111873
defekt,ADJD,111674
defekt,ADJA,103222
davon,PTKVZ,111415
Ami,NN,111371
Zweig,NN,111323
Attribut,NN,111269
Stab,NN,111245
Mantel,NN,110850
Taufe,NN,110800
tauschen,VVINF,110752
Photo,NN,110723
circa,ADV,110573
Predigt,NN,110559
kopieren,VVINF,110380
Draht,NN,110342
Lunge,NN,110300
Atom,NN,110222
klug,ADJA,110177
klug,ADJD,108958
Wäsche,NN,110053
Schwarze,NN,110046
Klient,NN,109992
orientieren,VVINF,109414
Flanke,NN,109392
Lupe,NN,109374
Leine,NN,109248
Korn,NN,109043
Moor,NN,108801
Rasen,NN,108708
packen,VVINF,108568
Szenario,NN,108558
Speed,NN,108503
Niere,NN,108461
spitz,ADJA,108377
spitz,ADJD,27517
Brauch,NN,108273
Opa,NN,108172
Guide,NN,107898
Chart,NN,107655
Trost,NN,107352
wagen,VVINF,107350
Report,NN,107240
Pastor,NN,107142
Ost,NN,106898
wohnen,VVINF,106646
Quatsch,NN,106531
Stich,NN,106357
Krimi,NN,106350
rufen,VVINF,106325
Ozean,NN,106284
Bande,NN,106227
landen,VVINF,106065
Tun,NN,106062
Scheitern,NN,106041
Funk,NN,105961
robust,ADJA,105928
robust,ADJD,72355
regeln,VVINF,105921
dato,ADV,105921
Campus,NN,105894
Rendite,NN,105775
Hormon,NN,105734
Pfanne,NN,105732
reif,ADJA,105715
reif,ADJD,84343
Scheiße,NN,105268
Stick,NN,105173
Opus,NN,105028
Schwanz,NN,104995
schweigen,VVINF,104964
Affe,NN,104769
Wehr,NN,104725
inne,PTKVZ,104645
Sklave,NN,104599
Rekord,NN,104441
siebt,ADJA,104341
Icon,NN,104035
Import,NN,104024
silbern,ADJA,103831
Sau,NN,103809
Rache,NN,103773
Zyklus,NN,103743
Flair,NN,103723
korrigieren,VVINF,103606
Darm,NN,103593
Mars,NN,103475
Sahne,NN,103464
Pack,NN,103435
schieben,VVINF,103266
Bachelor,NN,103249
Weib,NN,103127
brechen,VVINF,103064
Lord,NN,103029
Ruine,NN,102604
Socke,NN,102586
heiraten,VVINF,102434
Fluch,NN,102287
Wirt,NN,102169
Glocke,NN,102151
Ampel,NN,101878
Würfel,NN,101818
Medaille,NN,101695
Haben,NN,101494
Spalte,NN,101464
Suite,NN,101219
Grill,NN,101197
engagieren,VVINF,101167
Sucht,NN,101015
Treue,NN,100936
leiten,VVINF,100856
Wange,NN,100844
Deck,NN,100729
Pop,NN,100431
Palast,NN,100426
Wandern,NN,100363
Pony,NN,100230
Dose,NN,99909
Gasse,NN,99823
Idiot,NN,99737
Hall,NN,99469
Maul,NN,99346
Meile,NN,99244
Subjekt,NN,99196
schneiden,VVINF,99017
Grün,NN,98879
Hebel,NN,98769
not,PTKVZ,98758
Brite,NN,98698
Schirm,NN,98575
Stempel,NN,98376
Klischee,NN,98282
Furcht,NN,98237
danken,VVINF,98225
klingen,VVINF,98174
Sir,NN,98116
Spot,NN,98103
Prämie,NN,98046
Nadel,NN,97904
Applaus,NN,97896
Schüssel,NN,97756
Korb,NN,97700
Hülle,NN,97650
Balken,NN,97573
kommentieren,VVINF,97569
Hauch,NN,97493
fertig,PTKVZ,97440
wehren,VVINF,97240
Aroma,NN,96972
Fresse,NN,96865
optimieren,VVINF,96859
enden,VVINF,96853
schlank,ADJA,96782
schlank,ADJD,88560
Nuss,NN,96779
mini,ADJA,96771
worin,PWAV,96696
tanzen,VVINF,96189
Fass,NN,96183
Okay,ADJD,96136
Okay,NN,68365
Hai,NN,96125
Rüde,NN,96033
Flagge,NN,96028
streiten,VVINF,95966
Skript,NN,95893
Frust,NN,95756
Lüge,NN,95740
Satellit,NN,95712
fordern,VVINF,95708
Fuchs,NN,95696
Fleck,NN,95640
Apostel,NN,95461
Piste,NN,95333
Asche,NN,95318
Heck,NN,94895
prompt,ADJD,94695
prompt,ADJA,12871
Periode,NN,94287
Hören,NN,94275
waschen,VVINF,94250
Hahn,NN,94241
Fehlen,NN,94200
schwimmen,VVINF,94148
Elend,NN,94148
Scherz,NN,94116
Matt,NN,93659
rosa,ADJD,93637
schräg,ADJD,93623
schräg,ADJA,60455
rauh,ADJA,93506
rauh,ADJD,39844
Birne,NN,93469
Bann,NN,93465
fressen,VVINF,93426
Genau,ADV,93162
doll,ADJD,93120
doll,ADJA,53404
Soll,NN,92920
Modem,NN,92864
Puls,NN,92863
Dieb,NN,92830
Orange,NN,92732
Tugend,NN,92728
kommunizieren,VVINF,92587
Kita,NN,92432
widmen,VVINF,92315
Banane,NN,92168
Casino,NN,91988
Advent,NN,91896
City,NN,91784
Öffnen,NN,91774
Blockade,NN,91692
Neid,NN,91690
fotografieren,VVINF,91629
formulieren,VVINF,91508
Accessoire,NN,91353
Stute,NN,91319
Base,NN,91129
Sitte,NN,91007
Trio,NN,90989
Porto,NN,90880
Haft,NN,90794
kopf,PTKVZ,90748
Übel,NN,90713
Bronze,NN,90294
Solo,NN,90191
Hüfte,NN,90125
platt,ADJD,90052
platt,ADJA,57613
Glied,NN,89964
Profit,NN,89761
Fort,NN,89711
Schrott,NN,89666
Pokémon,NN,89656
Porträt,NN,89599
markant,ADJA,89595
markant,ADJD,17069
preis,PTKVZ,89418
preis,VVINF,12418
Polo,NN,89408
Spritze,NN,89405
Enkel,NN,89364
Dosis,NN,89296
Moschee,NN,89208
Facette,NN,89180
Clan,NN,89147
Krebs,NN,89040
Senf,NN,89005
Card,NN,88994
Konsens,NN,88910
Wappen,NN,88861
Stiefel,NN,88828
Athlet,NN,88815
Galle,NN,88740
etablieren,VVINF,88538
Look,NN,88158
Siegel,NN,87990
Halo,NN,87956
Schema,NN,87821
Ruhm,NN,87721
Queen,NN,87540
Außen,NN,87354
Braut,NN,87352
worden,ADJA,87273
Repertoire,NN,87264
parat,ADJD,87151
Schach,NN,87146
Couch,NN,87102
blicken,VVINF,87079
Synagoge,NN,87072
Puppe,NN,87052
Zorn,NN,87030
Alpha,NN,86911
rauf,ADV,86873
Graben,NN,86855
Schaffen,NN,86743
werben,VVINF,86736
Audi,NN,86340
Propaganda,NN,86269
rasant,ADJA,86109
rasant,ADJD,60358
drucken,VVINF,86037
Indiz,NN,85976
Rumpf,NN,85958
Resort,NN,85916
Item,NN,85914
Horn,NN,85893
Stau,NN,85889
Cloud,NN,85869
Kombi,NN,85770
kündigen,VVINF,85758
Keks,NN,85753
Heu,NN,85717
schalten,VVINF,85594
ignorieren,VVINF,85584
Klo,NN,85463
Nacken,NN,85442
sexy,ADJD,85413
sexy,ADJA,40595
Flotte,NN,85196
Ski,NN,85176
Treiben,NN,85034
Alien,NN,84935
Renaissance,NN,84832
Volt,NN,84754
Disco,NN,84683
Reiten,NN,84669
Vulkan,NN,84646
Kram,NN,84601
Hoch,NN,84553
zwingen,VVINF,84412
Matrix,NN,84409
Blech,NN,83913
Kolonie,NN,83772
Scheiß,NN,83719
Bart,NN,83645
Marine,NN,83589
Taube,NN,83552
Skizze,NN,83532
reiten,VVINF,83474
binden,VVINF,83469
Haupt,NN,83409
spazieren,VVINF,83188
Surfen,NN,83186
Theologe,NN,83056
reinigen,VVINF,82649
Sehen,NN,82508
Klappe,NN,82273
Limit,NN,82190
basteln,VVINF,82103
Sparte,NN,82022
Alarm,NN,81978
wecken,VVINF,81914
freund,ADJD,81821
Frosch,NN,81804
Record,NN,81595
First,NN,81579
garantieren,VVINF,81506
elementar,ADJA,81485
elementar,ADJD,19769
Touch,NN,81304
Rate,NN,81291
Tüte,NN,81257
Ultra,NN,81224
Manga,NN,81190
Psyche,NN,81180
schwul,ADJA,81087
schwul,ADJD,64079
Busch,NN,81007
Jeans,NN,80884
Clip,NN,80842
Horror,NN,80774
heilen,VVINF,80630
Sims,NN,80625
Gürtel,NN,80534
kombinieren,VVINF,80410
mies,ADJA,80176
mies,ADJD,70168
Matte,NN,80123
alias,ADV,80018
Schmutz,NN,79915
Klub,NN,79912
streichen,VVINF,79739
Nudel,NN,79566
Dampf,NN,79529
blond,ADJA,79449
blond,ADJD,43232
Kult,NN,79113
Ego,NN,79109
Flut,NN,79058
Schub,NN,79047
Trieb,NN,78833
Hexe,NN,78763
Panorama,NN,78738
Elektron,NN,78049
Zwilling,NN,78043
Inland,NN,77859
Gummi,NN,77771
decken,VVINF,77759
Tritt,NN,77750
transportieren,VVINF,77679
Pinsel,NN,77647
Pfosten,NN,77618
Schnecke,NN,77532
Latte,NN,77526
Schande,NN,77503
orange,ADJA,77486
Foul,NN,77378
Koch,NN,77340
Routine,NN,77060
Devise,NN,77049
Run,NN,77011
Mütze,NN,76880
Koran,NN,76867
Thron,NN,76722
Knoblauch,NN,76675
Muslim,NN,76667
Pyramide,NN,76650
Tanzen,NN,76589
meistern,VVINF,76576
Delegierte,NN,76525
Kristall,NN,76492
sinken,VVINF,76395
Rute,NN,76389
Pistole,NN,76353
fangen,VVINF,76324
reißen,VVINF,76290
flott,ADJD,76046
flott,ADJA,66108
Ära,NN,76012
weinen,VVINF,75911
frech,ADJD,75903
frech,ADJA,48672
lenken,VVINF,75825
Molekül,NN,75772
Echo,NN,75748
Schacht,NN,75735
mieten,VVINF,75678
Prospekt,NN,75466
motivieren,VVINF,75414
Mais,NN,75365
Sprit,NN,75304
Schranke,NN,75176
Strang,NN,75026
Gilde,NN,74996
String,NN,74920
Portrait,NN,74880
Affäre,NN,74730
Flora,NN,74595
Eck,NN,74377
mein,PPOSS,74297
Buche,NN,74254
Zentrale,NN,74243
Klausel,NN,74227
eisern,ADJA,74186
eisern,ADJD,10335
fließen,VVINF,74169
Kommen,NN,74112
Damm,NN,74099
Palme,NN,74018
Trip,NN,74003
Statue,NN,73917
Rot,NN,73794
Soul,NN,73586
Letzte,NN,73479
Süße,NN,73407
Bombe,NN,73353
Date,NN,73289
Elfe,NN,73221
Narbe,NN,73198
Etwas,NN,73151
Quark,NN,73127
kritisieren,VVINF,73127
Pädagoge,NN,73004
immens,ADJA,72976
immens,ADJD,48479
Schwede,NN,72903
Weide,NN,72889
Tattoo,NN,72796
Bohne,NN,72779
Depot,NN,72751
Rauch,NN,72717
Satan,NN,72715
Appetit,NN,72684
Kissen,NN,72661
Garde,NN,72609
Acht,NN,72580
Pate,NN,72475
Remis,NN,72460
Buffet,NN,72417
existieren,VVINF,72409
roh,ADJA,72236
roh,ADJD,41103
Go,NN,72223
Grube,NN,72191
Turbo,NN,72189
Esel,NN,72171
Matratze,NN,72140
Western,NN,72130
lahm,ADJD,72119
lahm,ADJA,21989
klick,ADV,72097
träumen,VVINF,72087
Made,NN,71872
Schwule,NN,71775
fürchten,VVINF,71750
schwer,PTKVZ,71631
Mine,NN,71567
Enzym,NN,71559
Spanisch,NN,71502
fossil,ADJA,71388
Holocaust,NN,71170
Segel,NN,71162
Dschungel,NN,71089
Steg,NN,71087
brennen,VVINF,71082
Durst,NN,71031
Miss,NN,70949
Parade,NN,70921
Harz,NN,70843
Wollen,NN,70838
Elf,NN,70645
rennen,VVINF,70624
Magnet,NN,70621
rücken,VVINF,70606
Huf,NN,70555
Derby,NN,70520
Rektor,NN,70275
Off,NN,70197
Dichte,NN,70197
Witwe,NN,70189
Strauch,NN,70134
Lobby,NN,70001
Bulle,NN,69978
Titan,NN,69954
Schweiß,NN,69924
Frost,NN,69760
Sockel,NN,69749
empfangen,VVINF,69684
empfangen,ADJA,20930
Schwelle,NN,69636
füttern,VVINF,69552
Gabel,NN,69537
Tausch,NN,69456
Rutsch,NN,69425
Schädel,NN,69383
Ross,NN,69332
Manuskript,NN,69121
Algorithmus,NN,69105
Buddha,NN,69076
Testen,NN,69046
gönnen,VVINF,69007
Dialekt,NN,68958
Bremse,NN,68857
Depp,NN,68834
Po,NN,68786
Country,NN,68782
Nach,ADV,68753
telefonieren,VVINF,68688
Ziege,NN,68680
stoßen,VVINF,68585
plazieren,VVINF,68564
linear,ADJA,68556
linear,ADJD,40466
Dreh,NN,68379
Private,NN,68358
Pfote,NN,68348
Fang,NN,68181
adäquat,ADJA,68106
adäquat,ADJD,34784
Jemand,NN,68101
Essay,NN,68091
rauchen,VVINF,67996
Marsch,NN,67993
Schraube,NN,67927
Friede,NN,67893
Cache,NN,67884
agieren,VVINF,67844
Knabe,NN,67816
Heide,NN,67784
reparieren,VVINF,67776
Hygiene,NN,67768
Dilemma,NN,67673
Biss,NN,67634
lohnen,VVINF,67625
Schoß,NN,67623
Selbst,NN,67580
Keim,NN,67577
Dunkel,NN,67460
Sessel,NN,67443
out,NN,67413
malen,VVINF,67310
heben,VVINF,67305
Panel,NN,67280
Bude,NN,67209
Safari,NN,67191
Kondom,NN,67101
Mast,NN,67017
Spa,NN,66839
Debüt,NN,66786
Appell,NN,66731
Weizen,NN,66663
Slogan,NN,66606
dokumentieren,VVINF,66486
Platine,NN,66382
College,NN,66368
strikt,ADJD,66360
strikt,ADJA,58646
Rebell,NN,66285
Schlucht,NN,66252
Spezies,NN,66223
Nische,NN,66177
Kopieren,NN,66164
scheitern,VVINF,66148
interpretieren,VVINF,65997
Hypothese,NN,65917
Zombie,NN,65862
Exil,NN,65724
Hebamme,NN,65687
Schlafen,NN,65683
fies,ADJA,65619
fies,ADJD,43429
Kosmos,NN,65586
Gurke,NN,65581
Nokia,NN,65578
Alge,NN,65510
ernst,PTKVZ,65414
zocken,VVINF,65270
ärgern,VVINF,65109
Stätte,NN,65035
meckern,VVINF,64965
Stream,NN,64785
Aura,NN,64705
Bikini,NN,64694
Sauce,NN,64596
Pforte,NN,64533
Hirte,NN,64433
Röhre,NN,64424
wandern,VVINF,64374
Tenor,NN,64301
Kathedrale,NN,64213
Sekt,NN,63780
just,ADV,63747
Flop,NN,63550
Celsius,NN,63525
matt,ADJD,63477
matt,ADJA,42437
starr,ADJA,63334
starr,ADJD,39734
spenden,VVINF,63283
Lake,NN,63246
barock,ADJA,63245
Quadrat,NN,63122
Traube,NN,63120
Finden,NN,62887
Henne,NN,62847
Kanone,NN,62808
hip,ADJD,62719
hip,ADJA,13862
Stroh,NN,62650
Vieh,NN,62591
Spring,NN,62579
Wette,NN,62537
Ork,NN,62422
Major,NN,62370
Ren,NN,62222
stürzen,VVINF,62160
Barriere,NN,62150
Kapsel,NN,61998
Alu,NN,61995
Adel,NN,61975
punkt,PTKVZ,61930
Joghurt,NN,61918
Skala,NN,61908
Extrem,NN,61818
Skepsis,NN,61705
Narr,NN,61644
Milieu,NN,61620
Salon,NN,61594
jagen,VVINF,61580
Ärmel,NN,61394
Bote,NN,61370
Lamm,NN,61351
Tuning,NN,61290
Fee,NN,61255
Jet,NN,61157
Ohm,NN,60921
aktualisieren,VVINF,60870
wahren,VVINF,60850
Venus,NN,60752
Interessante,NN,60746
Grinsen,NN,60714
Diagramm,NN,60598
Yacht,NN,60499
Fohlen,NN,60431
Drive,NN,60280
Omega,NN,60226
Food,NN,60161
Oase,NN,60150
Rampe,NN,60127
Troll,NN,60112
Masche,NN,60009
Triumph,NN,59953
Hecke,NN,59921
Moslem,NN,59915
Forst,NN,59747
Pleite,NN,59659
Mathe,NN,59627
schmecken,VVINF,59605
Parole,NN,59598
Zecke,NN,59509
fehl,PTKVZ,59509
Movie,NN,59307
fliehen,VVINF,59239
As,NN,59225
Talk,NN,59212
Komplex,NN,59104
schreien,VVINF,59093
Hecht,NN,58823
Hengst,NN,58821
demonstrieren,VVINF,58817
kraft,APPR,58765
Zitrone,NN,58756
Tief,NN,58666
Macke,NN,58644
Tabak,NN,58627
Tab,NN,58590
Radius,NN,58575
Reh,NN,58560
Orient,NN,58519
Setup,NN,58447
Stopp,NN,58401
Baron,NN,58325
soft,ADJD,58244
Minus,NN,58123
Hype,ADJA,58100
heil,ADJD,58083
heil,ADJA,47104
Tacho,NN,57920
Manko,NN,57870
Zoom,NN,57772
intakt,ADJA,57752
intakt,ADJD,29216
zeichnen,VVINF,57745
Stop,NN,57695
Blase,NN,57638
Lesbe,NN,57581
Haube,NN,57567
deuten,VVINF,57506
Tribüne,NN,57489
Mikro,NN,57464
Kost,NN,57431
Kragen,NN,57387
Asphalt,NN,57303
Drang,NN,57231
Hypnose,NN,57191
Farm,NN,57096
Sperre,NN,57063
rapide,ADJD,57060
rapide,ADJA,13551
Crash,NN,57028
Fels,NN,57022
Spektakel,NN,56987
Saite,NN,56969
Kiosk,NN,56922
Globus,NN,56883
Parkett,NN,56731
Moped,NN,56715
trauen,VVINF,56675
Strophe,NN,56639
Satire,NN,56622
mögen,VMINF,56599
Modern,NN,56550
Grippe,NN,56536
inspirieren,VVINF,56503
Byte,NN,56488
Vatikan,NN,56438
Wolle,NN,56407
Mutti,NN,56308
Delta,NN,56218
Kabinett,NN,56217
Lodge,NN,56201
surfen,VVINF,56158
Des,NN,56094
Out,NN,56030
recherchieren,VVINF,56016
Schnauze,NN,55947
qualifizieren,VVINF,55785
Soße,NN,55770
Ballade,NN,55761
Stapel,NN,55595
Back,NN,55572
Riff,NN,55570
Drink,NN,55560
Sprichwort,NN,55556
minus,ADV,55483
minus,APPR,30632
Clown,NN,55453
Scheune,NN,55444
Fünf,NN,55302
Sumpf,NN,55295
Staunen,NN,55204
Plasma,NN,55204
putzen,VVINF,55200
Sphäre,NN,55191
Komma,NN,55166
Mücke,NN,55150
zitieren,VVINF,55112
Üben,NN,55106
Check,NN,55033
Canyon,NN,54960
programmieren,VVINF,54931
steif,ADJD,54911
steif,ADJA,31026
Brocken,NN,54880
Template,NN,54817
fromm,ADJA,54803
fromm,ADJD,27568
Reife,NN,54784
Heirat,NN,54769
haus,PTKVZ,54754
Husten,NN,54731
charmant,ADJA,54709
charmant,ADJD,30368
wurscht,ADJD,54697
Traktor,NN,54693
Kalb,NN,54690
Spirit,NN,54687
Sparen,NN,54651
Dessous,NN,54643
sperren,VVINF,54618
netto,ADV,54600
Quiz,NN,54584
Knast,NN,54482
Pfingsten,NN,54409
Relais,NN,54206
Atlas,NN,54112
legitim,ADJD,54106
legitim,ADJA,43332
Trupp,NN,54065
Gig,NN,54051
Zirkus,NN,54002
locken,VVINF,53961
Proband,NN,53943
bremsen,VVINF,53926
Allee,NN,53890
Gans,NN,53841
Sarg,NN,53831
Bursche,NN,53810
Nintendo,NN,53795
Kolumne,NN,53790
Stehen,NN,53778
kontaktieren,VVINF,53750
Torte,NN,53748
Spargel,NN,53643
Schwere,NN,53619
Freak,NN,53608
Klicken,NN,53564
Scheck,NN,53530
Wucht,NN,53439
mischen,VVINF,53247
Panne,NN,53143
Wanne,NN,53138
Komitee,NN,53134
Wache,NN,53126
Defekt,NN,53072
Tapete,NN,53066
Möhre,NN,53058
beiseite,PTKVZ,52987
Schreck,NN,52954
Trauma,NN,52951
Jubel,NN,52868
Löffel,NN,52791
Wirbel,NN,52757
Ballon,NN,52714
Kot,NN,52703
Gag,NN,52698
Klinge,NN,52672
Naht,NN,52658
Aula,NN,52604
Kessel,NN,52519
Doku,NN,52402
Flöte,NN,52381
Syndrom,NN,52314
Drache,NN,52150
Reflex,NN,52071
Vogt,NN,52028
Quartett,NN,52011
Thai,NN,51940
Asthma,NN,51925
Mandel,NN,51901
Mafia,NN,51858
Konzil,NN,51845
Linse,NN,51843
Shampoo,NN,51682
Psalm,NN,51674
Novelle,NN,51645
hier,PTKVZ,51621
Kolben,NN,51587
Kick,NN,51435
Aue,NN,51433
Moos,NN,51432
Schleife,NN,51375
Muschel,NN,51295
Speck,NN,51282
blass,ADJD,51272
blass,ADJA,36623
Disc,NN,51235
Artefakt,NN,51202
Schluck,NN,51162
Diözese,NN,51082
Funke,NN,51051
Tournee,NN,51028
Pickel,NN,50980
Seife,NN,50976
Schimmel,NN,50913
Kurze,NN,50880
Boom,NN,50840
Intervall,NN,50808
Pose,NN,50806
kompensieren,VVINF,50791
hölzern,ADJA,50782
Cash,NN,50696
Rudel,NN,50689
Jeep,NN,50617
bizarr,ADJA,50611
bizarr,ADJD,16783
Teleskop,NN,50586
stumm,ADJD,50584
stumm,ADJA,28418
Trotz,NN,50581
Igel,NN,50557
Pott,NN,50538
Interpret,NN,50509
Krippe,NN,50422
mediterran,ADJA,50410
Nerv,NN,50400
Sonde,NN,50374
nüchtern,ADJD,50336
nüchtern,ADJA,45540
nüchtern,VVINF,10741
Pest,NN,50296
Eiche,NN,50295
Pracht,NN,50288
Switch,NN,50243
Schere,NN,50227
Funken,NN,50211
träge,ADJA,50053
träge,ADJD,44012
Bridge,NN,50033
kehrt,PTKVZ,50001
Snack,NN,49959
Labyrinth,NN,49893
Horde,NN,49881
stützen,VVINF,49826
Array,NN,49822
Embryo,NN,49782
werten,VVINF,49659
Sammeln,NN,49656
intim,ADJA,49647
intim,ADJD,13006
Fake,NN,49645
Fuge,NN,49632
Schachtel,NN,49614
Kamm,NN,49560
montieren,VVINF,49545
Chirurg,NN,49542
zirka,ADV,49498
Dorn,NN,49494
Khan,NN,49492
Vita,NN,49418
Panda,NN,49413
Synthese,NN,49399
Tabu,NN,49355
blank,ADJA,49310
blank,ADJD,31092
rar,ADJD,49265
rar,ADJA,22066
Revue,NN,49193
Larve,NN,49176
Neffe,NN,49025
Rippe,NN,49006
atomar,ADJA,49000
amüsant,ADJD,48972
amüsant,ADJA,36220
Future,NN,48950
weisen,VVINF,48930
Pommes,NN,48887
Schnabel,NN,48853
Luna,NN,48797
Sohle,NN,48760
derb,ADJA,48752
derb,ADJD,16360
Asyl,NN,48741
Kehle,NN,48689
Grauen,NN,48666
Gurt,NN,48631
Parasit,NN,48589
Fauna,NN,48528
stammen,VVINF,48357
Paprika,NN,48323
loben,VVINF,48279
Zink,NN,48264
scheinen,VVINF,48245
steinern,ADJA,48244
riskieren,VVINF,48195
Bohle,NN,48076
Kies,NN,48052
markieren,VVINF,47983
Garnele,NN,47818
Schlamm,NN,47735
Point,NN,47730
Skelett,NN,47684
nerven,VVINF,47642
tanken,VVINF,47519
Werft,NN,47501
licht,ADJD,47324
licht,ADJA,44341
human,ADJA,47321
human,ADJD,25697
nächst,ADJA,47310
Schinken,NN,47299
Synonym,NN,47293
ahnen,VVINF,47270
Lift,NN,47258
locker,PTKVZ,47224
Paragraph,NN,47197
kleben,VVINF,47163
Insasse,NN,47134
Kakao,NN,47115
Zebra,NN,47113
pleite,ADJD,47112
Aids,NN,47082
Rap,NN,47077
baden,VVINF,47036
Kassette,NN,47025
täuschen,VVINF,46996
Intro,NN,46953
formen,VVINF,46940
Essig,NN,46891
Mensa,NN,46869
Kit,NN,46759
Schaft,NN,46736
Düse,NN,46723
Robbe,NN,46673
Makro,NN,46585
albern,ADJD,46545
albern,ADJA,23121
Klettern,NN,46543
Pavillon,NN,46528
Düne,NN,46512
Kontrahent,NN,46503
Laterne,NN,46497
Kaufen,NN,46424
Mentor,NN,46414
Lese,NN,46397
meiden,VVINF,46395
Double,NN,46394
Storch,NN,46386
Partikel,NN,46353
räumen,VVINF,46330
Graph,NN,46279
Gaumen,NN,46095
Shuttle,NN,46038
warnen,VVINF,45972
sprengen,VVINF,45875
lauten,VVINF,45796
Streich,NN,45793
zaubern,VVINF,45732
Reptil,NN,45680
Memory,NN,45653
Telefonieren,NN,45608
knüpfen,VVINF,45580
oll,ADJA,45377
backen,VVINF,45377
regnen,VVINF,45375
Schwindel,NN,45301
missen,VVINF,45276
Limousine,NN,45185
Null,NN,45159
Ameise,NN,45132
Klare,NN,45105
Starten,NN,45104
Willkür,NN,45100
leuchten,VVINF,45093
Frische,NN,45087
Tick,NN,45028
Springen,NN,44979
Sprint,NN,44965
tippen,VVINF,44938
Girl,NN,44924
Reim,NN,44921
Theke,NN,44912
Square,NN,44850
Tribut,NN,44829
Buggy,NN,44815
Mob,NN,44806
Perle,NN,44769
leck,ADJA,44745
Stoß,NN,44734
Schnelle,NN,44680
Fasten,NN,44652
Ökonom,NN,44564
Plot,NN,44537
Petersilie,NN,44519
Dogma,NN,44482
Registrieren,NN,44468
Fichte,NN,44465
Domäne,NN,44420
klagen,VVINF,44367
Axt,NN,44275
Lot,NN,44259
Deich,NN,44255
Konstrukt,NN,44189
Schwarm,NN,44166
provozieren,VVINF,44154
alpin,ADJA,44120
alpin,ADJD,11538
Scham,NN,44107
Putz,NN,44102
Channel,NN,44085
Pfennig,NN,43997
Dia,NN,43997
Taliban,NN,43877
Phantom,NN,43845
Pharao,NN,43841
Bube,NN,43772
Ion,NN,43765
Enge,NN,43759
Rune,NN,43720
Karma,NN,43700
Empire,NN,43690
Kaserne,NN,43670
Membrane,NN,43635
deaktivieren,VVINF,43594
riechen,VVINF,43499
Hefe,NN,43470
Grau,NN,43457
link,ADJA,43452
Imbiss,NN,43428
ruhen,VVINF,43421
kürzen,VVINF,43381
Fight,NN,43330
Pol,NN,43322
Whisky,NN,43270
Nonne,NN,43169
Kirsche,NN,43165
Phrase,NN,43164
kontrovers,ADJD,43126
kontrovers,ADJA,37345
Schall,NN,43096
Dekan,NN,43095
klettern,VVINF,43072
Comedy,NN,43070
Schütze,NN,43052
Westen,NN,43005
Sigma,NN,42989
Kaktus,NN,42982
Kalk,NN,42912
Messias,NN,42911
positionieren,VVINF,42861
Tango,NN,42859
Passat,NN,42815
Migräne,NN,42729
Guru,NN,42719
wund,ADJA,42709
wund,ADJD,41006
Elan,NN,42624
Fleiß,NN,42594
Rast,NN,42554
Schwan,NN,42551
Ferse,NN,42549
maritim,ADJA,42507
heim,PTKVZ,42430
heim,ADV,38587
Move,NN,42379
Lachs,NN,42371
subtil,ADJA,42363
subtil,ADJD,23347
Kompass,NN,42358
Stube,NN,42352
Klicke,NN,42343
Eile,NN,42324
Kinn,NN,42236
opfern,VVINF,42222
Ai,NN,42219
Brühe,NN,42190
hauen,VVINF,42161
Rallye,NN,42153
gießen,VVINF,42151
Prise,NN,42139
Brut,NN,42114
Booklet,NN,42075
Techno,NN,42034
Hirsch,NN,42027
Kran,NN,42018
argumentieren,VVINF,42014
Cannabis,NN,41998
England,NN,41973
irre,ADJD,41910
irre,ADJA,39700
irre,PTKVZ,37961
schonen,VVINF,41862
Krampf,NN,41857
Rote,NN,41854
Kernel,NN,41853
Inkasso,NN,41821
Slot,NN,41775
brutto,ADV,41739
Safe,NN,41704
würdigen,VVINF,41684
Folk,NN,41683
Emirat,NN,41643
Steak,NN,41638
Komet,NN,41596
knacken,VVINF,41581
Trasse,NN,41572
Spike,NN,41464
Kriminelle,NN,41452
schütteln,VVINF,41301
Rabe,NN,41253
Klientel,NN,41229
Vollgas,NN,41212
trocknen,VVINF,41206
züchten,VVINF,41163
Chief,NN,41145
Treff,NN,41143
Etikett,NN,41132
trüb,ADJA,41026
trüb,ADJD,14022
schildern,VVINF,41024
Etat,NN,40974
Spieß,NN,40912
Leiste,NN,40875
Fliege,NN,40835
Seuche,NN,40831
rollen,VVINF,40818
Führe,NN,40785
Stütze,NN,40784
Multi,NN,40781
Stöbern,NN,40759
Bot,NN,40730
Koma,NN,40727
skurril,ADJA,40710
skurril,ADJD,12761
Ressort,NN,40698
Eule,NN,40610
Tinte,NN,40576
atmen,VVINF,40548
Madame,NN,40546
weichen,VVINF,40494
Turbine,NN,40493
Piano,NN,40471
Schwarz,NN,40465
Basteln,NN,40443
Windel,NN,40405
Helfen,NN,40388
Bungalow,NN,40270
respektieren,VVINF,40201
Gate,NN,40134
Krawatte,NN,40106
Küken,NN,40083
Schließen,NN,40067
molekular,ADJA,40035
Narkose,NN,40032
Wiege,NN,40018
Stollen,NN,40009
Riegel,NN,40005
Wachs,NN,39963
Nexus,NN,39958
Hort,NN,39946
Alb,NN,39942
Joint,NN,39880
Klippe,NN,39837
Fackel,NN,39798
Miene,NN,39793
Gala,NN,39789
hybrid,ADJD,39735
hybrid,ADJA,17306
Viech,NN,39700
Juwel,NN,39633
Tele,NN,39595
Fairness,NN,39594
Kamel,NN,39576
Horoskop,NN,39566
Eigen,NN,39556
kippen,VVINF,39554
Trab,NN,39489
Wade,NN,39466
Instinkt,NN,39432
lindern,VVINF,39391
Schlitten,NN,39315
Pegel,NN,39312
Puzzle,NN,39296
Promi,NN,39293
Vitrine,NN,39289
Orgasmus,NN,39274
Blizzard,NN,39268
variieren,VVINF,39266
stur,ADJD,39229
stur,ADJA,12570
Porzellan,NN,39228
Kanu,NN,39145
zäh,ADJD,39139
zäh,ADJA,39028
Knall,NN,39096
Töten,NN,39072
Sieb,NN,38994
Arche,NN,38994
grüßen,VVINF,38951
Kutsche,NN,38944
zweifeln,VVINF,38924
Zimt,NN,38906
Truck,NN,38854
Pappe,NN,38765
Seide,NN,38745
lehren,VVINF,38736
Homo,NN,38671
Stiel,NN,38662
Vokabel,NN,38628
lächeln,VVINF,38625
reflektieren,VVINF,38576
schlapp,ADJD,38556
schlapp,ADJA,24659
Fahrkarte,NN,38461
Arthrose,NN,38443
Marmelade,NN,38435
Orchidee,NN,38413
Therme,NN,38370
Floh,NN,38339
Pub,NN,38302
hohl,ADJA,38300
hohl,ADJD,21988
Sol,NN,38296
Bloggen,NN,38275
Blaue,NN,38254
Intrige,NN,38224
Hymne,NN,38223
Coupé,NN,38217
Schwamm,NN,38200
solo,ADJD,38194
Vinyl,NN,38193
Borg,NN,38193
Atmen,NN,38136
Wahn,NN,38131
Barock,NN,38035
Face,NN,38003
Trance,NN,37943
History,NN,37894
Irre,NN,37888
Buchse,NN,37887
Spirale,NN,37857
Parken,NN,37804
riskant,ADJD,37800
riskant,ADJA,31372
Akne,NN,37792
Dessert,NN,37787
heulen,VVINF,37782
Heile,NN,37738
Photon,NN,37683
küssen,VVINF,37655
Mappe,NN,37652
versus,APPR,37645
dreist,ADJD,37645
dreist,ADJA,20314
Bios,NN,37629
flüchten,VVINF,37568
Mir,NN,37556
Schnaps,NN,37535
Leopard,NN,37524
schüchtern,ADJD,37508
schüchtern,ADJA,21984
gratulieren,VVINF,37501
End,ADJA,37488
Prämisse,NN,37465
Grip,NN,37435
Schnitzel,NN,37419
Neugierde,NN,37382
Raub,NN,37361
Schwalbe,NN,37351
Privileg,NN,37328
importieren,VVINF,37314
schlucken,VVINF,37303
Pollen,NN,37268
Strahl,NN,37229
forschen,VVINF,37221
Forelle,NN,37193
Werden,NN,37187
Lotto,NN,37164
Tape,NN,37160
Nikon,NN,37151
Zirkel,NN,37083
Kluft,NN,36981
Biologe,NN,36949
Rausch,NN,36936
Zeche,NN,36909
Break,NN,36896
Quad,NN,36891
clean,ADJD,36872
Kürbis,NN,36862
Brennen,NN,36844
Chili,NN,36834
Wels,NN,36767
Paste,NN,36760
nähern,VVINF,36740
konfigurieren,VVINF,36697
Type,NN,36650
kotzen,VVINF,36628
Promille,NN,36624
Krokodil,NN,36584
Pakt,NN,36571
Lehm,NN,36568
Nuance,NN,36508
Violine,NN,36505
stabilisieren,VVINF,36498
Stereo,NN,36485
Spalt,NN,36465
Krach,NN,36295
manipulieren,VVINF,36271
Ghetto,NN,36260
Teddy,NN,36253
drängen,VVINF,36196
Prosa,NN,36182
Angst,ADJD,36124
schämen,VVINF,36116
fällen,VVINF,36105
Direkt,NN,36045
Police,NN,35988
Prima,NN,35953
Dumme,NN,35936
Ballett,NN,35934
Spott,NN,35915
Hummel,NN,35909
Delikt,NN,35886
Schablone,NN,35856
Nutz,NN,35838
Kabarett,NN,35809
Idol,NN,35802
Tsunami,NN,35750
Cop,NN,35738
Däne,NN,35698
Keule,NN,35663
Wall,NN,35639
stet,ADJA,35588
Strick,NN,35578
marin,ADJA,35575
Knecht,NN,35556
Hepatitis,NN,35468
Nässe,NN,35444
Karpfen,NN,35443
Bräutigam,NN,35435
Tube,NN,35421
Rost,NN,35420
Spule,NN,35408
Weste,NN,35403
Spinne,NN,35378
Karate,NN,35351
gang,ADJD,35332
Step,NN,35322
Silbe,NN,35320
Karotte,NN,35264
Tornado,NN,35243
Pfiff,NN,35216
Trophäe,NN,35201
Log,NN,35129
Espresso,NN,35098
Zügel,NN,35082
Falsche,NN,35082
tabu,ADJD,35056
Schießen,NN,35043
Stickstoff,NN,35029
Pi,NN,35002
korrupt,ADJA,34996
korrupt,ADJD,12450
instant,ADJD,34943
Alm,NN,34934
Examen,NN,34932
Hub,NN,34928
Akkord,NN,34894
Skat,NN,34886
stehlen,VVINF,34843
Zeichnen,NN,34837
reservieren,VVINF,34807
Sultan,NN,34800
Karre,NN,34787
Nichte,NN,34784
sortieren,VVINF,34710
Ninja,NN,34697
Falke,NN,34691
Disk,NN,34585
Schleuse,NN,34565
Bluse,NN,34441
Senden,NN,34382
Buckel,NN,34363
Saga,NN,34358
regieren,VVINF,34279
Aktiv,NN,34182
Faxe,NN,34143
Spatz,NN,34139
Braten,NN,34100
Deko,NN,34099
Wilde,NN,34095
Nu,NN,34073
Raupe,NN,33972
Altern,NN,33966
Most,NN,33942
karg,ADJA,33913
karg,ADJD,13936
Maja,NN,33896
Cousine,NN,33861
Pore,NN,33859
Swing,NN,33848
Silikon,NN,33832
Score,NN,33829
Ruck,NN,33812
trösten,VVINF,33787
Transparent,NN,33779
Nichts,NN,33772
Schnupfen,NN,33749
Drehen,NN,33659
kreieren,VVINF,33620
Finne,NN,33574
Eden,NN,33524
Nickel,NN,33511
Joggen,NN,33493
Porno,NN,33439
parken,VVINF,33429
spekulieren,VVINF,33420
indigen,ADJA,33382
mal,PTKVZ,33380
Kreisel,NN,33351
Pfeife,NN,33341
Gau,NN,33318
Gulden,NN,33307
Marmor,NN,33295
Puma,NN,33261
checken,VVINF,33247
staunen,VVINF,33234
Glut,NN,33151
Riemen,NN,33082
Gatte,NN,33069
Tresen,NN,33030
Kitten,NN,33024
Schamane,NN,33022
Ziehen,NN,32996
Synode,NN,32982
Promenade,NN,32958
Sierra,NN,32945
Essenz,NN,32922
Pelz,NN,32896
Scheu,NN,32891
Relief,NN,32890
Maxime,NN,32876
lila,ADJA,32869
lila,ADJD,18201
solar,ADJA,32856
solar,ADJD,12084
Granit,NN,32799
Alphabet,NN,32671
Zigarre,NN,32632
Sense,NN,32609
quälen,VVINF,32608
Gnom,NN,32598
Astronom,NN,32588
Parfüm,NN,32562
schrauben,VVINF,32561
Heiland,NN,32532
Flirt,NN,32532
Funktionieren,NN,32527
Elch,NN,32515
leugnen,VVINF,32475
schmeißen,VVINF,32447
dumpf,ADJA,32442
dumpf,ADJD,15513
Plakette,NN,32366
barfuß,ADJD,32337
leihen,VVINF,32327
diffus,ADJA,32251
diffus,ADJD,12191
Lange,NN,32243
festigen,VVINF,32213
liquid,ADJD,32206
liquid,ADJA,12001
Ritt,NN,32187
Lotus,NN,32174
ordnen,VVINF,32164
operieren,VVINF,32147
Dekade,NN,32114
vage,ADJD,32098
vage,ADJA,29204
Paradigma,NN,32071
Ritus,NN,32065
schöpfen,VVINF,32013
Kranz,NN,31981
streicheln,VVINF,31980
Manifest,NN,31960
linken,VVINF,31924
Schenkel,NN,31919
hassen,VVINF,31887
Aquarell,NN,31875
Diva,NN,31818
Distrikt,NN,31778
Kürzel,NN,31710
Symbiose,NN,31705
Stengel,NN,31696
kühn,ADJA,31676
kühn,ADJD,12732
Biest,NN,31673
Rechnen,NN,31665
empor,PTKVZ,31651
empor,ADV,16594
Eid,NN,31646
Kappe,NN,31636
Lanze,NN,31601
Trommel,NN,31586
Trocknen,NN,31576
Olive,NN,31543
Eichel,NN,31540
Flow,NN,31524
empört,ADJD,31519
Guss,NN,31505
blockieren,VVINF,31495
Strumpf,NN,31464
Dolch,NN,31440
Ziegel,NN,31439
Vanille,NN,31412
Strauß,NN,31405
Wodka,NN,31399
Netto,NN,31338
Fühlen,NN,31337
Relikt,NN,31322
Harm,NN,31290
Milbe,NN,31270
Veteran,NN,31254
Aloe,NN,31227
Scout,NN,31183
lagern,VVINF,31176
Program,NN,31174
Floskel,NN,31172
Kiez,NN,31155
Pauschale,NN,31142
Grosse,NN,31129
Triple,NN,31123
Wrack,NN,31117
Kurde,NN,31101
Host,NN,31090
mobilisieren,VVINF,31078
rächen,VVINF,31058
pflanzen,VVINF,31056
taub,ADJD,31036
taub,ADJA,26478
Suizid,NN,31027
Heizöl,NN,31016
Return,NN,30955
Spray,NN,30933
wandeln,VVINF,30916
schmunzeln,VVINF,30904
Müsli,NN,30869
Bistro,NN,30865
Lassen,NN,30863
Leichnam,NN,30856
Jetzt,NN,30856
stunden,VVINF,30789
Israelit,NN,30781
Idylle,NN,30742
impfen,VVINF,30716
straff,ADJD,30712
straff,ADJA,26689
Kantine,NN,30701
tagen,VVINF,30670
Imam,NN,30670
Infekt,NN,30661
Stachel,NN,30645
Regatta,NN,30636
Statut,NN,30590
Kegel,NN,30586
Vase,NN,30557
Cape,NN,30548
bündeln,VVINF,30516
experimentieren,VVINF,30515
Binge,NN,30456
lügen,VVINF,30455
Syntax,NN,30443
glänzen,VVINF,30432
Deutsch,NN,30416
Cafeteria,NN,30324
Weiße,NN,30321
Fossil,NN,30320
Esprit,NN,30319
Linde,NN,30318
Truhe,NN,30316
Groove,NN,30313
Kröte,NN,30311
Hohn,NN,30306
Clou,NN,30300
Parcours,NN,30284
wüst,ADJA,30252
wüst,ADJD,15242
Boulevard,NN,30216
Scherbe,NN,30207
Mahl,NN,30207
Misere,NN,30178
konstruieren,VVINF,30178
Zopf,NN,30172
Hetze,NN,30161
Trubel,NN,30158
schwingen,VVINF,30140
wetten,VVINF,30123
Schmunzeln,NN,30122
Bonbon,NN,30105
Finca,NN,30086
Buße,NN,30058
Karren,NN,30035
nützen,VVINF,30025
Kanne,NN,30004
Boutique,NN,30003
Joch,NN,30002
Preuße,NN,29963
irren,VVINF,29872
Schurke,NN,29846
Studieren,NN,29814
Rinde,NN,29809
kund,PTKVZ,29807
Marshall,NN,29798
stöbern,VVINF,29764
Membran,NN,29764
Gloria,NN,29732
Oldie,NN,29722
Expo,NN,29721
Zange,NN,29685
Akkordeon,NN,29641
wiegen,VVINF,29635
Diode,NN,29626
Birke,NN,29600
Chrom,NN,29597
Mulde,NN,29576
Trafo,NN,29575
fertigen,VVINF,29553
Lagune,NN,29483
schädigen,VVINF,29471
Serbe,NN,29455
kehren,VVINF,29445
Pasta,NN,29440
toppen,VVINF,29417
Kuppel,NN,29402
Schwabe,NN,29399
Prestige,NN,29398
editieren,VVINF,29375
Fjord,NN,29367
hold,ADJD,29359
hold,ADJA,17166
Heizen,NN,29355
Duett,NN,29347
Konkurs,NN,29334
scheu,ADJD,29333
scheu,ADJA,18731
Samba,NN,29324
duschen,VVINF,29317
platzen,VVINF,29299
Kölsch,NN,29253
Hülse,NN,29248
stillen,VVINF,29232
Pellet,NN,29196
vegan,ADJA,29193
vegan,ADJD,27735
Rebe,NN,29158
Task,NN,29148
Dino,NN,29143
Biogas,NN,29131
Palais,NN,29104
schälen,VVINF,29100
Koralle,NN,29095
Podest,NN,29073
agil,ADJA,29066
agil,ADJD,16732
Resümee,NN,29063
Staude,NN,29057
Dynastie,NN,29057
Bündel,NN,29048
logo,ADJD,29034
Kontingent,NN,29015
Leuchte,NN,28995
koordinieren,VVINF,28994
Tresor,NN,28983
Shoppen,NN,28931
Pointe,NN,28927
Speise,NN,28871
Boykott,NN,28843
firm,ADJA,28827
regulieren,VVINF,28822
scheiden,VVINF,28816
Bandit,NN,28815
kahl,ADJA,28784
kahl,ADJD,27656
Sklerose,NN,28761
Dart,NN,28757
Barsch,NN,28712
Kanzel,NN,28686
Ferrari,NN,28678
Je,KOUS,28663
Plateau,NN,28661
öde,ADJA,28653
öde,ADJD,20506
Fracht,NN,28652
Nix,NN,28649
Prothese,NN,28648
Wachsen,NN,28618
marode,ADJA,28618
Bataillon,NN,28599
Salbe,NN,28593
Spore,NN,28579
Pfütze,NN,28573
Utensil,NN,28565
Kelch,NN,28509
Kasten,NN,28509
Crack,NN,28505
Krug,NN,28495
wirr,ADJA,28494
wirr,ADJD,23784
Elb,NN,28491
Klee,NN,28466
Nass,NN,28461
contra,ADV,28440
Placebo,NN,28389
Lade,NN,28384
Reue,NN,28371
Gips,NN,28360
Spinat,NN,28355
Waggon,NN,28346
Schmied,NN,28300
Tücke,NN,28293
Marge,NN,28210
Vene,NN,28189
differenzieren,VVINF,28184
Busen,NN,28167
Kiel,NN,28163
Wahre,NN,28125
Arge,NN,28125
Click,NN,28107
Domizil,NN,28105
Elektrode,NN,28037
Putzen,NN,28033
Kommilitone,NN,28027
Inka,NN,28010
lau,ADJA,27967
lau,ADJD,22824
Kelte,NN,27939
Saat,NN,27934
Reggae,NN,27890
Rotor,NN,27851
board,NN,27835
Rheuma,NN,27809
Tau,NN,27748
fade,ADJA,27746
Rübe,NN,27699
Tanne,NN,27686
Träne,NN,27678
prall,ADJA,27654
prall,ADJD,26618
Charta,NN,27652
klauen,VVINF,27641
kassieren,VVINF,27624
Prüfen,NN,27596
Grat,NN,27561
hüten,VVINF,27556
Kübel,NN,27549
filmen,VVINF,27542
Lausitz,NN,27534
dulden,VVINF,27532
mindern,VVINF,27517
Lösen,NN,27461
high,ADJD,27459
Ahle,NN,27429
Neptun,NN,27422
Makel,NN,27417
sensibilisieren,VVINF,27388
Loge,NN,27353
stechen,VVINF,27349
Spaghetti,NN,27327
Koi,NN,27312
Taverne,NN,27246
Tinnitus,NN,27227
Typus,NN,27225
feige,ADJD,27203
feige,ADJA,20562
Knospe,NN,27154
Souvenir,NN,27149
Proton,NN,27138
filigran,ADJA,27128
filigran,ADJD,10848
saugen,VVINF,27072
Soja,NN,27069
Hanse,NN,27055
Judo,NN,27026
diskret,ADJA,27022
diskret,ADJD,26883
Spagat,NN,27012
Ferkel,NN,27002
Clique,NN,26937
Raps,NN,26936
Credo,NN,26919
Schutt,NN,26892
Diakon,NN,26890
schmerzen,VVINF,26874
Waffel,NN,26870
Mannen,NN,26870
weiterleiten,VVINF,26831
Hurra,NN,26829
Messing,NN,26819
Schlitz,NN,26811
Wespe,NN,26810
Servus,NN,26771
Korridor,NN,26764
Basilika,NN,26761
Trompete,NN,26755
Split,NN,26736
Hoden,NN,26667
siegen,VVINF,26653
Schikane,NN,26644
Silhouette,NN,26624
protestieren,VVINF,26607
schleppen,VVINF,26553
Bon,NN,26537
Salsa,NN,26529
Hure,NN,26503
Galopp,NN,26388
Farce,NN,26387
Bambus,NN,26379
Terminus,NN,26374
sanieren,VVINF,26350
rühren,VVINF,26347
Target,NN,26337
Schleim,NN,26329
Werben,NN,26304
Kanon,NN,26279
Zittern,NN,26274
Acryl,NN,26267
Patriot,NN,26265
Malaria,NN,26233
krumm,ADJD,26212
krumm,ADJA,23571
Borke,NN,26196
Schick,NN,26183
schleifen,VVINF,26181
Ire,NN,26163
ehren,VVINF,26136
Voliere,NN,26131
Phönix,NN,26121
Musizieren,NN,26088
Husky,NN,26067
alters,ADV,26036
Prostata,NN,26003
Bügel,NN,25998
Brutto,NN,25952
Hopp,NN,25941
Bravo,NN,25932
leinen,ADJD,25894
Hospiz,NN,25873
kreuz,ADV,25827
Klemme,NN,25827
Scheide,NN,25800
Vektor,NN,25790
synchron,ADJD,25763
synchron,ADJA,10031
pink,ADJD,25759
pink,ADJA,13691
walten,VVINF,25745
Sirene,NN,25729
Napf,NN,25694
Fundus,NN,25656
Spuk,NN,25650
Cortison,NN,25574
praktizieren,VVINF,25519
Weiche,NN,25437
Knolle,NN,25426
Kitsch,NN,25424
Pulli,NN,25418
simulieren,VVINF,25416
Trust,NN,25376
quick,ADJD,25375
stumpf,ADJD,25364
stumpf,ADJA,23868
Cartoon,NN,25320
Extrakt,NN,25319
exportieren,VVINF,25308
lauschen,VVINF,25274
Tracht,NN,25257
Krümel,NN,25249
Reinigen,NN,25238
Diskutieren,NN,25238
Coup,NN,25227
gleiten,VVINF,25211
schweben,VVINF,25209
Zögern,NN,25195
Pils,NN,25191
Warte,NN,25177
Ochse,NN,25171
Göttliche,NN,25152
Gastronom,NN,25141
Muße,NN,25138
baumeln,VVINF,25117
Sekte,NN,25107
Dorsch,NN,25043
Met,NN,25040
pervers,ADJD,25028
pervers,ADJA,22963
Jod,NN,25011
implementieren,VVINF,25010
Plane,NN,24980
Flocke,NN,24960
prägen,VVINF,24895
Graffito,NN,24887
gaga,ADJD,24879
Sandwich,NN,24877
Ändern,NN,24854
Röntgen,NN,24842
Fond,NN,24825
Samurai,NN,24767
säkular,ADJA,24759
Finish,NN,24746
rutschen,VVINF,24684
Probieren,NN,24676
Term,NN,24643
Koppel,NN,24624
Kalkül,NN,24606
Court,NN,24578
Grotte,NN,24529
Magd,NN,24508
violett,ADJD,24502
violett,ADJA,22263
schwächen,VVINF,24494
Arie,NN,24492
spritzen,VVINF,24473
rekonstruieren,VVINF,24458
textil,ADJA,24453
textil,ADJD,24163
konsumieren,VVINF,24452
Gospel,NN,24391
fixieren,VVINF,24385
Wallach,NN,24365
Kadett,NN,24363
Hostel,NN,24358
Orbit,NN,24329
Odyssee,NN,24314
Cursor,NN,24310
Fasching,NN,24303
tauchen,VVINF,24288
lackieren,VVINF,24283
Fehde,NN,24264
Hanf,NN,24255
Tolle,NN,24226
Kommerz,NN,24191
trist,ADJA,24179
Krücke,NN,24166
Proxy,NN,24113
Trumpf,NN,24097
konform,ADJD,24085
Sarkasmus,NN,24074
Pagode,NN,24055
Sog,NN,23992
Rosine,NN,23909
fungieren,VVINF,23862
Sippe,NN,23857
Tombola,NN,23843
Exkurs,NN,23809
Filz,NN,23802
Asteroid,NN,23779
zittern,VVINF,23765
Mustang,NN,23764
Exot,NN,23762
Ekel,NN,23744
item,ADV,23671
Jade,NN,23670
Klarinette,NN,23659
Transit,NN,23638
Gardine,NN,23637
Karies,NN,23635
Motel,NN,23604
Juso,NN,23591
Amulett,NN,23577
grinsen,VVINF,23529
Dunst,NN,23525
schrill,ADJA,23523
schrill,ADJD,13484
fischen,VVINF,23518
Psychose,NN,23513
Curry,NN,23494
Pathos,NN,23472
Knöchel,NN,23451
Dingern,NN,23449
Kreide,NN,23445
Ozon,NN,23436
Cola,NN,23431
Echse,NN,23414
Parzelle,NN,23362
Apokalypse,NN,23352
Gros,NN,23350
Hagel,NN,23331
Charité,NN,23318
Testosteron,NN,23312
Cello,NN,23304
grotesk,ADJA,23283
grotesk,ADJD,16555
midi,ADJA,23258
Knick,NN,23254
Kollaps,NN,23248
Druide,NN,23229
chic,ADJD,23229
Schnorchel,NN,23221
libysch,ADJA,23220
segeln,VVINF,23212
Trunk,NN,23197
Python,NN,23187
Mango,NN,23179
Trank,NN,23177
publizieren,VVINF,23156
Roulette,NN,23129
Arthritis,NN,23114
Glatze,NN,23095
Charge,NN,23064
Konvent,NN,23063
Heilen,NN,23046
exquisit,ADJA,23046
Kür,NN,23044
rad,PTKVZ,23036
Fabel,NN,23031
Brigade,NN,22998
Sperma,NN,22997
Pflaume,NN,22978
Mumie,NN,22976
Thymian,NN,22940
Attest,NN,22940
Neon,NN,22914
Kahn,NN,22909
Peitsche,NN,22866
drohen,VVINF,22862
Baht,NN,22841
Lava,NN,22829
Speichel,NN,22827
Ballast,NN,22821
Melde,NN,22817
partout,ADV,22791
schmücken,VVINF,22781
Slip,NN,22774
Matsch,NN,22692
Revolte,NN,22682
Leichte,NN,22651
profilieren,VVINF,22643
Achte,NN,22622
Motte,NN,22613
arbeit,ADJD,22608
Meute,NN,22606
Sowjet,NN,22596
Kobold,NN,22586
Kiwi,NN,22565
Kapuze,NN,22560
suspekt,ADJD,22556
Speiche,NN,22534
Leim,NN,22530
Weihe,NN,22470
schulen,VVINF,22459
Ranch,NN,22444
Zen,NN,22421
Grübeln,NN,22413
Furore,NN,22408
bohren,VVINF,22403
Tanken,NN,22396
Pfand,NN,22385
Sinto,NN,22381
Informieren,NN,22375
Coupon,NN,22370
Chemo,NN,22360
Pendel,NN,22354
Miliz,NN,22353
patch,NN,22329
immun,ADJD,22289
Dattel,NN,22264
Tablett,NN,22257
fesseln,VVINF,22226
Posaune,NN,22220
Poet,NN,22210
wett,PTKVZ,22199
Fön,NN,22190
Elle,NN,22190
Maiden,NN,22187
publik,ADJD,22183
Schlegel,NN,22174
Diele,NN,22171
Porsche,NN,22115
Rühren,NN,22112
schnuppern,VVINF,22108
Sample,NN,22100
Hopfen,NN,22079
traut,ADJD,22066
traut,ADJA,12687
Nahe,NN,22041
Tesla,NN,22039
schlüpfen,VVINF,22011
Garn,NN,22008
Putsch,NN,22000
Shorts,NN,21996
Macho,NN,21986
Delle,NN,21962
Gimmick,NN,21948
säubern,VVINF,21947
kastrieren,VVINF,21916
Ebbe,NN,21873
reifen,VVINF,21857
Krabbe,NN,21856
blühen,VVINF,21847
Avenue,NN,21844
Kniff,NN,21826
Kastanie,NN,21819
Kroate,NN,21816
Würze,NN,21814
Dock,NN,21773
Chanson,NN,21747
steril,ADJA,21719
steril,ADJD,15891
Bürste,NN,21719
Turnen,NN,21717
Yard,NN,21701
bloggen,VVINF,21672
Experimentieren,NN,21653
futsch,ADJD,21652
Emblem,NN,21649
Kompost,NN,21610
Karo,NN,21604
Adipositas,NN,21594
Gourmet,NN,21592
Flosse,NN,21555
Lilie,NN,21554
Tran,NN,21551
Schwefel,NN,21551
Galaxis,NN,21539
rauben,VVINF,21537
Epos,NN,21530
Yen,NN,21516
Vegane,NN,21510
arrangieren,VVINF,21497
Badminton,NN,21453
seicht,ADJA,21451
Klinke,NN,21444
reizen,VVINF,21430
Gassi,NN,21426
Neuron,NN,21423
Intellekt,NN,21336
Korpus,NN,21332
jammern,VVINF,21324
kratzen,VVINF,21305
Greis,NN,21258
notieren,VVINF,21250
Pudel,NN,21244
fache,ADJA,21235
fache,NN,11189
Margarine,NN,21226
Korsett,NN,21219
Tandem,NN,21207
Trottel,NN,21181
Delikatesse,NN,21162
Rouge,NN,21152
hacken,VVINF,21137
Kotzen,NN,21113
Bolzen,NN,21079
Ford,NN,21067
Toast,NN,21065
Praline,NN,21039
Hoffen,NN,21035
Ratio,NN,21015
Lawine,NN,21012
Matrose,NN,21011
Pegasus,NN,20993
Sopran,NN,20967
Phosphor,NN,20967
stiften,VVINF,20928
Giraffe,NN,20928
Impfen,NN,20926
Zeh,NN,20921
Allergen,NN,20914
Bummel,NN,20892
schwitzen,VVINF,20886
Amen,NN,20875
Adlige,NN,20843
intensivieren,VVINF,20805
Kranich,NN,20781
Strähne,NN,20779
Taille,NN,20766
strecken,VVINF,20754
Pult,NN,20748
ordern,VVINF,20735
Mucke,NN,20728
Schürze,NN,20681
desolat,ADJA,20680
Strudel,NN,20662
Libero,NN,20650
Sheriff,NN,20643
toben,VVINF,20600
Laut,NN,20596
Giebel,NN,20564
Tyrann,NN,20556
Bloch,NN,20555
Nabe,NN,20547
Orakel,NN,20545
schärfen,VVINF,20504
Harfe,NN,20504
Feige,NN,20501
Basic,NN,20494
sau,ADJD,20472
konvertieren,VVINF,20471
Audit,NN,20466
Rabbi,NN,20459
stemmen,VVINF,20452
Wehe,NN,20437
Ritzel,NN,20428
Klotz,NN,20416
Kajak,NN,20405
Caravan,NN,20403
Outen,NN,20401
Methan,NN,20398
Jesuit,NN,20397
zögern,VVINF,20391
Wink,NN,20388
Tropen,NN,20381
Installieren,NN,20375
Föhn,NN,20375
Diskus,NN,20358
spannen,VVINF,20348
Rep,NN,20344
Lieb,NN,20338
Hieb,NN,20328
Dad,NN,20315
Dürre,NN,20294
Trash,NN,20289
Sketch,NN,20274
Kribbeln,NN,20264
Kippe,NN,20262
Tuberkulose,NN,20253
Büchse,NN,20247
Achsel,NN,20238
biegen,VVINF,20227
Duden,NN,20226
Robe,NN,20194
Share,NN,20189
schnappen,VVINF,20167
Kolleg,NN,20167
Leck,NN,20142
Möwe,NN,20133
Torpedo,NN,20132
Reigen,NN,20105
Säge,NN,20104
Kurbel,NN,20103
Ethanol,NN,20072
Strenge,NN,20070
Greifen,NN,20060
schimpfen,VVINF,20053
Schaufel,NN,20026
lüften,VVINF,20017
Füttern,NN,20009
halbieren,VVINF,20008
Knüppel,NN,20006
Sandale,NN,20002
Torf,NN,20000
Tram,NN,19993
thematisieren,VVINF,19950
Kennen,NN,19912
Raute,NN,19885
Chromosom,NN,19865
Sabbat,NN,19857
Halde,NN,19855
Gorilla,NN,19847
Barrel,NN,19833
Kruste,NN,19827
kooperieren,VVINF,19809
Lavendel,NN,19796
Hybride,NN,19787
Kolonne,NN,19765
tolerieren,VVINF,19745
Champ,NN,19737
krachen,VVINF,19713
Dackel,NN,19708
Mantra,NN,19697
Kloß,NN,19694
polar,ADJD,19680
polar,ADJA,13141
Borreliose,NN,19661
Bordell,NN,19653
blättern,VVINF,19651
Gladiator,NN,19645
Ode,NN,19630
Specht,NN,19629
Zenit,NN,19611
klopfen,VVINF,19610
Zitieren,NN,19609
distanzieren,VVINF,19573
Mähne,NN,19570
Teenie,NN,19555
Meridian,NN,19506
blasen,VVINF,19499
Habe,NN,19493
explodieren,VVINF,19470
Pfahl,NN,19441
Gänze,NN,19438
schmelzen,VVINF,19415
Puck,NN,19413
Wanken,NN,19380
Laus,NN,19380
Perfekt,NN,19369
Floß,NN,19351
Outlet,NN,19305
formatieren,VVINF,19300
Bronchitis,NN,19282
Fetzen,NN,19278
Oben,NN,19273
Drängen,NN,19272
Bub,NN,19245
Zinn,NN,19234
scheuen,VVINF,19227
Rille,NN,19216
Rinne,NN,19208
Papi,NN,19192
Emittent,NN,19185
Requiem,NN,19173
Xenon,NN,19162
Paddock,NN,19156
Monarch,NN,19148
schroff,ADJA,19137
Fresko,NN,19134
style,NN,19132
Schelm,NN,19108
stopfen,VVINF,19077
Zicke,NN,19075
Aktivieren,NN,19055
Wendel,NN,19048
köcheln,VVINF,19025
Jalousie,NN,19025
Contra,NN,19011
plump,ADJA,18975
plump,ADJD,17346
Piazza,NN,18962
Hurrikan,NN,18945
modifizieren,VVINF,18931
Scannen,NN,18897
Soap,NN,18890
filtern,VVINF,18881
renovieren,VVINF,18875
Chlor,NN,18873
Inferno,NN,18868
saufen,VVINF,18863
Gondel,NN,18841
Pizzeria,NN,18839
Kodex,NN,18833
jubeln,VVINF,18828
haften,VVINF,18823
zahm,ADJD,18821
zahm,ADJA,11265
Kerbe,NN,18804
Schlaufe,NN,18795
Baracke,NN,18794
Alk,NN,18787
stramm,ADJD,18778
stramm,ADJA,18694
Pick,NN,18752
Neutron,NN,18722
pfeifen,VVINF,18702
Bastard,NN,18696
Rummel,NN,18678
Prolog,NN,18649
pressen,VVINF,18649
Brise,NN,18648
Butt,NN,18637
Empfehlen,NN,18631
Jagen,NN,18626
Vehikel,NN,18608
Nymphe,NN,18605
Melone,NN,18603
Debakel,NN,18603
Konvoi,NN,18583
Ballen,NN,18576
heizen,VVINF,18569
Prügel,NN,18566
flink,ADJD,18560
flink,ADJA,17267
Krawall,NN,18554
Bleibe,NN,18552
boxen,VVINF,18551
about,NN,18550
Uhu,NN,18515
Span,NN,18502
Clone,NN,18491
reiben,VVINF,18489
Nomade,NN,18487
Chaot,NN,18467
Reklame,NN,18466
Olympiade,NN,18458
Plön,NN,18411
shoppen,NN,18394
shoppen,VVINF,10274
Karussell,NN,18325
Gis,NN,18321
Fiskus,NN,18312
forsch,ADJA,18305
forsch,ADJD,12446
Cafe,NN,18297
Tulpe,NN,18293
Wedel,NN,18254
Champignon,NN,18244
Pfirsich,NN,18194
Groll,NN,18149
kaschieren,VVINF,18141
Äquator,NN,18139
Lego,NN,18138
Whiskey,NN,18137
Schalten,NN,18129
Schliff,NN,18125
Voß,NN,18124
profan,ADJA,18107
initiieren,VVINF,18096
Wonne,NN,18092
Latex,NN,18088
Corps,NN,18029
Dekret,NN,18008
Zocken,NN,18004
Nelke,NN,17986
konkurrieren,VVINF,17957
schnöde,ADJA,17949
Agens,NN,17938
nähen,VVINF,17928
kart,ADJD,17918
Quarz,NN,17906
Spanne,NN,17905
relativieren,VVINF,17896
Likör,NN,17883
Schippe,NN,17866
Öse,NN,17860
Kachel,NN,17859
Saudi,NN,17851
Nylon,NN,17814
Nehmen,NN,17804
Billard,NN,17773
Kork,NN,17771
Mammut,NN,17757
Dekor,NN,17757
Gruft,NN,17735
Liege,NN,17701
Stack,NN,17699
Revanche,NN,17670
Känguruh,NN,17662
Affekt,NN,17659
Requisit,NN,17631
Quell,NN,17612
Mohn,NN,17609
Lesen,NN,17606
rüde,ADJA,17600
dürr,ADJA,17594
Palm,NN,17589
Steppe,NN,17587
Referee,NN,17578
plaudern,VVINF,17566
Backe,NN,17564
Lehen,NN,17553
Schimpanse,NN,17550
Saldo,NN,17549
färben,VVINF,17543
mailen,VVINF,17523
streuen,VVINF,17521
flugs,ADV,17517
Zack,NN,17496
Hockey,NN,17496
predigen,VVINF,17492
fügen,VVINF,17492
Cappuccino,NN,17491
Suhl,NN,17477
synchronisieren,VVINF,17476
Toben,NN,17467
Heulen,NN,17463
Guerilla,NN,17456
Tadel,NN,17454
Bö,NN,17450
Laube,NN,17449
Knorpel,NN,17434
Jogi,NN,17421
taufen,VVINF,17400
Pot,NN,17396
Bond,NN,17394
Strip,NN,17374
Mazda,NN,17374
eliminieren,VVINF,17372
bass,ADJD,17364
Ruß,NN,17334
kuscheln,VVINF,17328
Amor,NN,17325
Spirituose,NN,17320
Pupille,NN,17313
Raven,NN,17306
grillen,VVINF,17292
Luchs,NN,17286
booten,VVINF,17274
Fetisch,NN,17272
Quarantäne,NN,17271
dominieren,VVINF,17271
Olymp,NN,17262
Flame,NN,17243
Romanze,NN,17235
Barrikade,NN,17225
Mehr,NN,17200
Collie,NN,17179
inszenieren,VVINF,17171
Bohren,NN,17134
Warze,NN,17128
Schlagen,NN,17123
Junkie,NN,17120
klingeln,VVINF,17115
Tegel,NN,17114
Fregatte,NN,17110
Rosa,NN,17103
Pute,NN,17100
Walnuss,NN,17097
Blonde,NN,17091
Sujet,NN,17082
Flinte,NN,17081
servieren,VVINF,17078
Glotze,NN,17076
Karawane,NN,17065
Orkan,NN,17061
managen,VVINF,17038
Schlappe,NN,16996
kalkulieren,VVINF,16983
Streu,NN,16978
Hippie,NN,16978
Kill,NN,16958
Waise,NN,16937
Pfarre,NN,16937
Puste,NN,16922
Sud,NN,16879
Äquivalent,NN,16860
Schanze,NN,16854
feminin,ADJA,16839
feminin,ADJD,10545
Razzia,NN,16830
hüpfen,VVINF,16827
Klatsche,NN,16826
Mac,NN,16822
Zitadelle,NN,16817
Rüge,NN,16817
Watte,NN,16816
eignen,VVINF,16806
Volle,NN,16792
Ekzem,NN,16790
Feuchte,NN,16786
Pair,NN,16748
scheren,VVINF,16729
chatten,VVINF,16729
spalten,VVINF,16720
Rekrut,NN,16715
Disko,NN,16702
stürmen,VVINF,16685
Colonel,NN,16683
Schilf,NN,16668
strukturieren,VVINF,16666
Dill,NN,16656
marschieren,VVINF,16638
Exempel,NN,16632
Afghane,NN,16628
abwärts,PTKVZ,16617
Filet,NN,16607
Deo,NN,16599
Zipfel,NN,16589
Stumpf,NN,16586
Libelle,NN,16559
isolieren,VVINF,16555
Parabel,NN,16552
Pax,NN,16528
Pak,NN,16524
Reservoir,NN,16523
Rappen,NN,16513
Bange,NN,16497
bannen,VVINF,16488
hungern,VVINF,16475
Drill,NN,16436
Sure,NN,16426
Trog,NN,16401
blenden,VVINF,16398
Amplitude,NN,16392
Rabatte,NN,16389
Halm,NN,16383
Alibi,NN,16376
Minarett,NN,16368
Jammern,NN,16360
Citroën,NN,16337
Veto,NN,16325
Servieren,NN,16325
Pöbel,NN,16321
Maria,NN,16317
Omen,NN,16313
Exzess,NN,16306
kühlen,VVINF,16301
Kantor,NN,16297
Enduro,NN,16296
obskur,ADJA,16293
Zivil,NN,16279
Rubel,NN,16278
Braune,NN,16274
land,ADJA,16273
Limo,NN,16251
Top,NN,16248
Disput,NN,16233
Relaxen,NN,16231
Meteorit,NN,16217
mau,ADJD,16209
Paranoia,NN,16197
Scharia,NN,16191
Roggen,NN,16186
Baguette,NN,16186
Ampulle,NN,16184
Estrich,NN,16176
Greif,NN,16173
Mache,NN,16169
Teint,NN,16159
brach,PTKVZ,16131
orten,VVINF,16126
Hooligan,NN,16123
Gamma,NN,16112
graben,VVINF,16107
würzen,VVINF,16100
hellwach,ADJD,16089
Prozedere,NN,16087
Lila,NN,16065
obsolet,ADJD,16056
Hehl,NN,16056
Mutante,NN,16055
Salami,NN,16054
Vagina,NN,16041
Riege,NN,16034
navigieren,VVINF,16034
Finesse,NN,16007
Stunt,NN,16003
lokalisieren,VVINF,16001
Kormoran,NN,15988
Voodoo,NN,15974
Knappe,NN,15973
strahlen,VVINF,15946
Zyste,NN,15934
Slalom,NN,15923
Ahorn,NN,15920
Lauch,NN,15896
Kaff,NN,15886
Flirten,NN,15881
Pardon,NN,15880
Schweif,NN,15878
relaxen,NN,15859
würfeln,VVINF,15830
sichten,VVINF,15823
Lumen,NN,15818
Passus,NN,15811
schweifen,VVINF,15810
verloren,PTKVZ,15791
Prisma,NN,15786
Ammoniak,NN,15770
Memoiren,NN,15747
Wacke,NN,15724
Dirndl,NN,15708
Popo,NN,15701
Pampa,NN,15697
Ave,NN,15693
Kuhle,NN,15686
Wabe,NN,15673
Kommode,NN,15662
Konsul,NN,15655
Pflug,NN,15634
Korps,NN,15628
Sinus,NN,15618
Teen,NN,15617
fokussieren,VVINF,15614
Kortison,NN,15591
Milz,NN,15586
Rolex,NN,15584
gläsernen,ADJA,15582
Brummen,NN,15564
Prost,NN,15550
kriechen,VVINF,15533
Schlacke,NN,15522
Maut,NN,15516
Marinade,NN,15516
Reif,NN,15515
Kacke,NN,15475
dünsten,VVINF,15460
joggen,VVINF,15449
zeugen,VVINF,15427
Sonate,NN,15418
Faible,NN,15414
jäh,ADJD,15392
jäh,ADJA,12297
Cast,NN,15381
Wuchs,NN,15380
Minze,NN,15352
Kakadu,NN,15340
Taxe,NN,15330
Raffinesse,NN,15315
Ska,NN,15311
reproduzieren,VVINF,15305
schmuck,ADJA,15304
Trainieren,NN,15265
Tora,NN,15265
Amsel,NN,15249
Horst,NN,15231
Nemesis,NN,15230
Stratege,NN,15208
Gusto,NN,15191
Schaukel,NN,15180
Pacht,NN,15175
Spaten,NN,15152
test,ADJA,15148
Vignette,NN,15139
Drüse,NN,15135
Klon,NN,15122
Diaspora,NN,15115
berg,PTKVZ,15112
Schneide,NN,15108
Nut,NN,15103
ton,ADJA,15096
Mofa,NN,15092
Dickicht,NN,15089
Ueber,APPR,15076
Scholle,NN,15076
charakterisieren,VVINF,15038
Qualm,NN,15035
okkult,ADJA,15021
Marschall,NN,15020
Lehne,NN,15020
Zaubern,NN,15016
Ketchup,NN,15010
Amok,NN,15004
Souverän,NN,15001
Glosse,NN,14998
Wählen,NN,14984
Chakra,NN,14981
Scan,NN,14962
Stuck,NN,14956
Fis,NN,14950
Werfen,NN,14947
Lamelle,NN,14947
Lid,NN,14924
Walke,NN,14919
Kuckuck,NN,14919
Mops,NN,14914
Klerus,NN,14908
Toto,NN,14907
rigid,ADJA,14903
Büste,NN,14887
Corpus,NN,14877
Lackieren,NN,14873
streifen,VVINF,14843
Dip,NN,14842
Tarot,NN,14838
hocken,VVINF,14832
Semmel,NN,14827
Velo,NN,14819
Biß,NN,14818
Warp,NN,14816
Lemming,NN,14808
Dogge,NN,14804
Komplize,NN,14803
fad,ADJD,14776
Deut,NN,14776
kapieren,VVINF,14758
Ampere,NN,14757
Wiki,NN,14748
Golem,NN,14729
Hausen,NN,14716
Helle,NN,14700
Zapfen,NN,14697
perfide,ADJA,14687
Barren,NN,14687
artikulieren,VVINF,14687
Tippen,NN,14683
Drift,NN,14682
Bonsai,NN,14677
Yogi,NN,14655
Fenchel,NN,14651
ruinieren,VVINF,14628
knallen,VVINF,14626
Limes,NN,14622
Quintessenz,NN,14616
Stocken,NN,14611
Kreml,NN,14589
fragil,ADJA,14588
Präses,NN,14559
Exodus,NN,14558
Kalif,NN,14557
rocken,VVINF,14551
basieren,VVINF,14537
Schmach,NN,14532
quatschen,VVINF,14520
schrumpfen,VVINF,14518
kandidieren,VVINF,14513
Sehne,NN,14511
Knacken,NN,14503
Shell,NN,14494
pumpen,VVINF,14492
Skrupel,NN,14469
Keil,NN,14467
Vlies,NN,14465
statten,VVINF,14465
Esche,NN,14459
Boogie,NN,14457
Büffel,NN,14439
Kastell,NN,14424
schlachten,VVINF,14409
Cholera,NN,14402
bange,ADJA,14401
bange,ADJD,11844
mildern,VVINF,14397
glas,PTKVZ,14379
stornieren,VVINF,14370
Schlips,NN,14361
wickeln,VVINF,14341
Pump,NN,14325
Sole,NN,14323
Indigo,NN,14304
Coast,NN,14296
stricken,VVINF,14291
ahoi,ADV,14287
Aprikose,NN,14275
forcieren,VVINF,14265
Klatsch,NN,14264
Fries,NN,14258
Klopfen,NN,14255
Zeigen,NN,14230
Kümmel,NN,14210
Reine,NN,14201
Debut,NN,14199
Nike,NN,14198
Email,NN,14195
Tarzan,NN,14193
Salve,NN,14187
modernisieren,VVINF,14187
Konkrete,NN,14187
Säbel,NN,14182
Fötus,NN,14182
Patron,NN,14173
diagnostizieren,VVINF,14165
pausieren,VVINF,14161
zollen,VVINF,14138
Katakombe,NN,14116
Korken,NN,14114
Karosse,NN,14094
Ethos,NN,14093
Kartell,NN,14090
Algebra,NN,14090
Miet,NN,14085
Gülle,NN,14080
Spreu,NN,14070
revidieren,VVINF,14066
Rack,NN,14059
Paddel,NN,14059
Falsch,NN,14053
Noppen,NN,14051
segnen,VVINF,14043
signalisieren,VVINF,14040
express,ADV,14020
Schiss,NN,14002
paranoid,ADJD,14002
paranoid,ADJA,10279
Tümpel,NN,13993
Meteor,NN,13993
Pattern,NN,13987
bluten,VVINF,13982
Kuscheln,NN,13960
wieder,PTKVZ,13955
Domino,NN,13952
frieden,VVINF,13950
adult,ADJA,13949
Braun,NN,13937
Jura,NN,13932
Nabel,NN,13926
Chatten,NN,13919
Marihuana,NN,13915
schmieren,VVINF,13913
legitimieren,VVINF,13910
Jump,NN,13890
Laub,NN,13888
Fluid,NN,13878
Schminke,NN,13872
Hirse,NN,13871
Sirup,NN,13869
Hagen,NN,13864
Kali,NN,13835
Lazarett,NN,13831
rütteln,VVINF,13825
mund,ADJA,13823
Radeln,NN,13818
Giro,NN,13800
spülen,VVINF,13777
Influenza,NN,13755
Ufo,NN,13754
Sherry,NN,13753
Kontrakt,NN,13746
Nitrit,NN,13736
Holde,NN,13702
Nomen,NN,13689
Farn,NN,13689
Chalet,NN,13673
Dress,NN,13667
Brezel,NN,13665
Silo,NN,13653
Müssen,NN,13652
Almosen,NN,13650
kleiden,VVINF,13638
Visite,NN,13637
Dummy,NN,13637
Flaute,NN,13632
Schwinge,NN,13628
simultan,ADJD,13610
Brunch,NN,13602
Pelle,NN,13594
Hesse,NN,13579
kreuzen,VVINF,13577
kreisen,VVINF,13574
Rank,NN,13571
lapidar,ADJD,13558
Rolli,NN,13556
Scala,NN,13548
Hacke,NN,13545
Flamenco,NN,13542
Nissan,NN,13540
Scherge,NN,13537
Barde,NN,13527
Vespa,NN,13524
Bunny,NN,13524
Pumps,NN,13522
Vize,NN,13517
spröde,ADJD,13500
spröde,ADJA,13257
Nutte,NN,13497
Scheitel,NN,13491
tendieren,VVINF,13487
Chaussee,NN,13478
valide,ADJA,13477
Schalotte,NN,13475
streben,VVINF,13465
Hack,NN,13463
zielen,VVINF,13462
Punch,NN,13462
harsch,ADJA,13427
Ruhr,NN,13417
ess,ADJD,13416
Shiatsu,NN,13413
Konserve,NN,13396
Broken,NN,13386
Nette,NN,13378
Amalgam,NN,13375
braten,VVINF,13368
pushen,VVINF,13366
Platt,NN,13365
konfrontieren,VVINF,13363
Archipel,NN,13363
hetzen,VVINF,13361
Lunch,NN,13354
infizieren,VVINF,13348
Arbeiten,NN,13346
frieren,VVINF,13331
Mongole,NN,13319
Meckern,NN,13299
Edle,NN,13288
Sühne,NN,13285
eis,PTKVZ,13262
Schlinge,NN,13256
kicken,VVINF,13254
Kratzen,NN,13251
speisen,VVINF,13250
Piccolo,NN,13246
Meise,NN,13238
Fock,NN,13234
Neige,NN,13226
Tantra,NN,13221
Migros,NN,13215
Spindel,NN,13198
Axiom,NN,13192
Schlampe,NN,13191
Salto,NN,13191
Gicht,NN,13188
Sekret,NN,13169
Kuppe,NN,13164
Manta,NN,13163
Bariton,NN,13162
Milde,NN,13159
Pinzette,NN,13158
Chamäleon,NN,13158
Schlick,NN,13155
neigen,VVINF,13142
Pulle,NN,13124
Hantel,NN,13109
zünden,VVINF,13103
Savanne,NN,13102
schwanken,VVINF,13094
Tequila,NN,13054
radeln,VVINF,13035
Koloss,NN,13024
Eklat,NN,13009
Äon,NN,12979
Steroid,NN,12977
Saufen,NN,12948
ferne,ADV,12942
Steig,NN,12935
Fiasko,NN,12932
Kontra,NN,12904
Stele,NN,12887
hehr,ADJA,12886
Titte,NN,12871
moderieren,VVINF,12868
lasch,ADJD,12867
Tofu,NN,12853
Sari,NN,12853
maschine,PTKVZ,12837
retour,ADV,12828
Marzipan,NN,12824
spinnen,VVINF,12822
Opel,NN,12802
Faso,NN,12800
Bürde,NN,12794
Psi,NN,12792
Goalie,NN,12792
Häme,NN,12789
Partisan,NN,12773
konsultieren,VVINF,12771
dein,PPOSS,12761
Selbe,NN,12738
trauern,VVINF,12725
Blöße,NN,12716
Peso,NN,12712
Progress,NN,12687
Schopf,NN,12669
irritieren,VVINF,12666
Sphinx,NN,12639
feuern,VVINF,12638
Pfau,NN,12627
Parmesan,NN,12621
Grizzly,NN,12603
Apollo,NN,12591
Passen,NN,12587
leeren,VVINF,12585
Schmelz,NN,12583
schmälern,VVINF,12579
Wichtel,NN,12577
konkretisieren,VVINF,12574
Dülmen,NN,12574
dringen,VVINF,12573
pinkeln,VVINF,12566
Boje,NN,12565
Efeu,NN,12564
Puff,NN,12543
Offset,NN,12532
Bingo,NN,12524
Merle,NN,12520
Nirvana,NN,12518
Krähe,NN,12517
Samt,NN,12510
Fact,NN,12509
Stör,NN,12508
flirten,VVINF,12507
Strobel,NN,12504
maligne,ADJA,12504
Malz,NN,12503
delikat,ADJA,12503
lecken,VVINF,12500
Plausch,NN,12490
Paragraf,NN,12488
Lux,NN,12478
klamm,ADJA,12466
Fratze,NN,12456
remis,ADJD,12441
fortfahren,VVINF,12437
Mephisto,NN,12434
Borusse,NN,12429
Ruckeln,NN,12428
Freuen,NN,12425
Exposé,NN,12425
Spiritus,NN,12392
Capitol,NN,12387
Mascara,NN,12383
Cabriolet,NN,12379
Knie,NN,12375
Hohe,NN,12367
Bacon,NN,12351
kauen,VVINF,12348
Mangold,NN,12346
Studi,NN,12342
Gote,NN,12341
Drops,NN,12333
taugen,VVINF,12330
Galgen,NN,12330
Lore,NN,12323
Spitz,NN,12321
Bodden,NN,12320
Fangen,NN,12319
glätten,VVINF,12317
Dharma,NN,12310
Agieren,NN,12306
Yeti,NN,12299
labil,ADJA,12286
Scheffel,NN,12284
Koks,NN,12282
konstatieren,VVINF,12280
Platzen,NN,12261
Guppy,NN,12260
interagieren,VVINF,12257
Spüle,NN,12247
Fördern,NN,12230
tilgen,VVINF,12224
restaurieren,VVINF,12197
Maestro,NN,12195
improvisieren,VVINF,12193
Spesen,NN,12175
schrott,ADJD,12170
Zacken,NN,12168
reformieren,VVINF,12167
kontern,VVINF,12164
Seraph,NN,12160
Tropf,NN,12158
schmieden,VVINF,12155
His,NN,12152
falten,VVINF,12140
Klingel,NN,12128
Hupe,NN,12128
Kultus,NN,12125
Breme,NN,12120
Heben,NN,12110
bangen,VVINF,12110
Katamaran,NN,12108
Globulus,NN,12107
Bolide,NN,12100
Medusa,NN,12094
Mörtel,NN,12084
Hightech,NN,12076
Trüffel,NN,12066
Grobe,NN,12058
Sichern,NN,12051
Patrouille,NN,12046
Habitus,NN,12038
konzipieren,VVINF,12028
Preuß,NN,12021
Ignorieren,NN,12017
futtern,VVINF,12001
Senke,NN,11981
Spross,NN,11979
komponent,ADJA,11978
Murks,NN,11963
frank,ADJD,11963
Ich,NN,11954
Pappel,NN,11950
Fortuna,NN,11947
Stöhnen,NN,11930
Etikette,NN,11925
Spezi,NN,11921
Kaskade,NN,11916
Stecken,NN,11912
münden,VVINF,11911
Rüssel,NN,11892
Synapse,NN,11875
Karaoke,NN,11872
Schlich,NN,11858
feilen,VVINF,11857
Flamingo,NN,11855
schwören,VVINF,11839
Utopia,NN,11836
Drossel,NN,11821
lockern,VVINF,11815
blocken,VVINF,11815
Rekurs,NN,11802
Empfangen,NN,11789
Kühle,NN,11788
besser,PTKVZ,11788
Sortieren,NN,11785
Zählen,NN,11777
Fehl,NN,11770
manifestieren,VVINF,11766
deklarieren,VVINF,11764
Eidechse,NN,11762
komponieren,VVINF,11755
grübeln,VVINF,11754
schüren,VVINF,11751
Kruzifix,NN,11722
Förde,NN,11718
Nippel,NN,11716
profund,ADJA,11715
Krem,NN,11712
Kantate,NN,11711
Vasall,NN,11710
Krake,NN,11700
Pascha,NN,11694
Koje,NN,11694
grenzen,VVINF,11687
Pantheon,NN,11686
Pipi,NN,11675
Aas,NN,11673
Schlund,NN,11656
stolpern,VVINF,11652
Lasse,NN,11630
Krümmel,NN,11629
bleich,ADJD,11629
bleich,ADJA,11278
Schmalz,NN,11600
reklamieren,VVINF,11596
Garnison,NN,11593
schmökern,VVINF,11580
Kelle,NN,11558
maß,PTKVZ,11556
Cognac,NN,11547
Wok,NN,11525
Kitt,NN,11516
Haschisch,NN,11509
Kaste,NN,11508
Boese,NN,11508
rasen,VVINF,11504
Harn,NN,11503
bändigen,VVINF,11494
Stuss,NN,11466
Kutte,NN,11465
Avocado,NN,11457
Aikido,NN,11455
polieren,VVINF,11454
Halleluja,NN,11438
bronzen,ADJA,11438
Chorus,NN,11436
Pogrom,NN,11434
Karat,NN,11422
Krempel,NN,11416
Saphir,NN,11407
Asbest,NN,11364
Heli,NN,11360
stand,PTKVZ,11352
adoptieren,VVINF,11351
Tunika,NN,11348
Neurose,NN,11345
Glukose,NN,11345
dunkelrot,ADJA,11319
Sonett,NN,11298
Sichel,NN,11289
krude,ADJA,11277
prügeln,VVINF,11248
suggerieren,VVINF,11247
wischen,VVINF,11236
Bor,NN,11228
Stottern,NN,11195
Stigma,NN,11188
Pelikan,NN,11181
Hau,NN,11172
kneten,VVINF,11163
Auditor,NN,11158
Obelisk,NN,11156
Schwenk,NN,11155
Diorama,NN,11146
Safran,NN,11133
Tumult,NN,11116
Prosecco,NN,11102
Banjo,NN,11091
knabbern,VVINF,11077
kontra,APPR,11076
Drohne,NN,11071
Kauen,NN,11040
Skalpell,NN,11033
Attitüde,NN,11025
Warten,NN,11024
Cellulite,NN,11023
Dialyse,NN,11021
Kropf,NN,11016
schultern,VVINF,11014
Marquis,NN,11002
Bummeln,NN,10996
Querele,NN,10994
Zölibat,NN,10990
Brache,NN,10979
Lauge,NN,10966
büßen,VVINF,10965
Knödel,NN,10960
rekrutieren,VVINF,10958
Markieren,NN,10957
Kubus,NN,10949
Kiesel,NN,10944
visualisieren,VVINF,10941
klemmen,VVINF,10936
kultivieren,VVINF,10934
konfus,ADJD,10933
Trainee,NN,10926
Zoff,NN,10914
Gram,NN,10913
Papyrus,NN,10910
Sauen,NN,10908
Formulieren,NN,10906
Nonsens,NN,10897
Mess,NN,10876
wackeln,VVINF,10872
schnuppe,ADJD,10871
säen,VVINF,10870
hof,PTKVZ,10865
Dezibel,NN,10847
rasieren,VVINF,10843
Buß,NN,10835
Bolle,NN,10815
Squash,NN,10814
salopp,ADJD,10813
Haiku,NN,10813
Manschette,NN,10811
brüllen,VVINF,10803
Ara,NN,10802
Bumerang,NN,10798
scannen,VVINF,10795
dosieren,VVINF,10789
Münden,NN,10787
Oboe,NN,10784
Attila,NN,10779
Schweißen,NN,10766
Halbe,NN,10766
Sarkophag,NN,10737
Fanta,NN,10727
Happen,NN,10710
spezialisieren,VVINF,10706
Bajonett,NN,10705
Retina,NN,10702
Rotz,NN,10691
kloppen,VVINF,10689
Saab,NN,10675
Fuhre,NN,10675
Drilling,NN,10671
dämpfen,VVINF,10670
Franc,NN,10669
Klaps,NN,10663
hegen,VVINF,10644
Mamma,NN,10630
hierher,PTKVZ,10619
Humus,NN,10616
parieren,VVINF,10610
Polyp,NN,10609
wühlen,VVINF,10599
Fete,NN,10593
Tussi,NN,10589
archivieren,VVINF,10587
trotzen,VVINF,10583
Schund,NN,10575
Portland,NN,10574
Hades,NN,10561
Ouvertüre,NN,10551
Survey,NN,10550
Turnus,NN,10548
schizophren,ADJA,10541
Qualle,NN,10537
Flak,NN,10533
Kuvert,NN,10528
Loft,NN,10516
attackieren,VVINF,10515
Kleben,NN,10513
wärmen,VVINF,10507
Taifun,NN,10489
Gulasch,NN,10489
pennen,VVINF,10484
Regieren,NN,10481
Moskito,NN,10471
Ulme,NN,10469
hipp,ADJD,10468
lästern,VVINF,10466
nutz,ADV,10461
les,ADJA,10454
schleichen,VVINF,10453
Feine,NN,10446
Piranha,NN,10441
Biegen,NN,10440
Mähre,NN,10439
Schlupf,NN,10420
Primus,NN,10412
Habicht,NN,10396
Rahm,NN,10394
Büffet,NN,10385
altern,VVINF,10385
resultieren,VVINF,10374
ebnen,VVINF,10374
Bausch,NN,10358
blinken,VVINF,10344
Krypta,NN,10338
Armada,NN,10338
Knirps,NN,10334
massieren,VVINF,10332
wehen,VVINF,10331
Knauf,NN,10306
Smaragd,NN,10294
Zarge,NN,10283
neutralisieren,VVINF,10281
Brokkoli,NN,10279
Topos,NN,10269
partizipieren,VVINF,10264
Flach,NN,10263
Bare,NN,10262
Pulp,NN,10244
Wanze,NN,10242
koppeln,VVINF,10241
Mol,NN,10234
klatschen,VVINF,10227
rahmen,VVINF,10222
Escort,NN,10222
Binde,NN,10213
Fasan,NN,10210
honorieren,VVINF,10203
Prüm,NN,10193
Nicken,NN,10193
Bresche,NN,10180
Audienz,NN,10162
Plaque,NN,10147
Degen,NN,10142
dehnen,VVINF,10131
langen,VVINF,10117
musizieren,VVINF,10102
transformieren,VVINF,10099
obszön,ADJA,10096
Dinkel,NN,10094
Pantomime,NN,10091
Kölle,NN,10084
Makrele,NN,10082
Posse,NN,10081
Krüppel,NN,10078
hemmen,VVINF,10071
Lund,NN,10066
Tross,NN,10062
schminken,VVINF,10058
Henkel,NN,10056
Scrollen,NN,10046
meditieren,VVINF,10046
bus,ADJA,10041
Hocke,NN,10034
drosseln,VVINF,10031
Fug,NN,10030
Adept,NN,10008
Niesen,NN,10005
